,data_ymd,docID,edinetCode,secCode,filerName,docDescription,disclosureStatus,xbrlFlag
0,2014-07-01,S1002FSL,E02486,,株式会社オプトロム,有価証券報告書－第28期(平成25年4月1日－平成26年3月31日),0,1
1,2014-07-01,S1002G3A,E00597,,グローバルアジアホールディングス株式会社,有価証券報告書－第69期(平成25年4月1日－平成26年3月31日),0,1
2,2014-07-01,S1002FOO,E05954,,トヨタ　ファイナンス　オーストラリア　リミテッド,有価証券報告書,0,0
3,2014-07-10,S1002GST,E02843,74880,株式会社ヤガミ,有価証券報告書－第49期(平成25年4月21日－平成26年4月20日),0,1
4,2014-07-10,S1002HNA,E05070,47500,株式会社ダイサン,有価証券報告書－第40期(平成25年4月21日－平成26年4月20日),0,1
5,2014-07-18,S1002JQ2,E30763,,ＮＴＬファイナンス合同会社,有価証券報告書（内国資産流動化証券）－第5期(平成25年3月1日－平成26年2月28日),0,1
6,2014-07-18,S1002ISD,E00763,40260,神島化学工業株式会社,有価証券報告書－第98期(平成25年5月1日－平成26年4月30日),0,1
7,2014-07-24,S1002KH1,E00715,79010,株式会社マツモト,有価証券報告書－第26期(平成25年5月1日－平成26年4月30日),0,1
8,2014-07-24,S1002KJ2,E03326,76230,株式会社サンオータス,有価証券報告書－第63期(平成25年5月1日－平成26年4月30日),0,1
9,2014-07-24,S1002KSN,E02953,27510,株式会社テンポスホールディングス,有価証券報告書－第22期(平成25年5月1日－平成26年4月30日),0,1
10,2014-07-25,S1002L07,E05137,94440,株式会社トーシンホールディングス,有価証券報告書－第28期(平成25年5月1日－平成26年4月30日),0,1
11,2014-07-25,S1002KO7,E22016,34440,株式会社菊池製作所,有価証券報告書－第39期(平成25年5月1日－平成26年4月30日),0,1
12,2014-07-25,S1002KIZ,E23829,66300,ヤーマン株式会社,有価証券報告書－第40期(平成25年5月1日－平成26年4月30日),0,1
13,2014-07-25,S1002KYA,E03433,,株式会社メガネスーパー,有価証券報告書－第38期(平成25年5月1日－平成26年4月30日),0,1
14,2014-07-25,S1002KSK,E04732,,株式会社涼仙,有価証券報告書－第12期(平成25年5月1日－平成26年4月30日),0,1
15,2014-07-25,S1002KZ7,E00578,35240,日東製網株式会社,有価証券報告書－第113期(平成25年5月1日－平成26年4月30日),0,1
16,2014-07-25,S1002K5X,E00510,29230,佐藤食品工業株式会社,有価証券報告書－第54期(平成25年5月1日－平成26年4月30日),0,1
17,2014-07-25,S1002L1P,E00414,25930,株式会社伊藤園,有価証券報告書－第49期(平成25年5月1日－平成26年4月30日),0,1
18,2014-07-25,S1002KYM,E25884,77770,株式会社スリー・ディー・マトリックス,有価証券報告書－第10期(平成25年5月1日－平成26年4月30日),0,1
19,2014-07-25,S1002KXU,E22663,21930,クックパッド株式会社,有価証券報告書－第17期(平成25年5月1日－平成26年4月30日),0,1
20,2014-07-25,S1002KY8,E03436,33290,東和フードサービス株式会社,有価証券報告書－第15期(平成25年5月1日－平成26年4月30日),0,1
21,2014-07-28,S1002KUN,E01442,59710,株式会社共和工業所,有価証券報告書－第55期(平成25年5月1日－平成26年4月30日),0,1
22,2014-07-28,S1002KRW,E05483,24380,株式会社アスカネット,有価証券報告書－第19期(平成25年5月1日－平成26年4月30日),0,1
23,2014-07-28,S1002KVB,E05484,37700,株式会社ザッパラス,有価証券報告書－第15期(平成25年5月1日－平成26年4月30日),0,1
24,2014-07-28,S1002L8L,E27215,31800,株式会社ビューティガレージ,有価証券報告書－第12期(平成25年5月1日－平成26年4月30日),0,1
25,2014-07-28,S1002K9Z,E00281,17660,東建コーポレーション株式会社,有価証券報告書－第38期(平成25年5月1日－平成26年4月30日),0,1
26,2014-07-28,S1002LDF,E02356,66560,インスペック株式会社,有価証券報告書－第26期(平成25年5月1日－平成26年4月30日),0,1
27,2014-07-29,S1002KUB,E05929,,シンガポール・ポスト・リミテッド,外国会社報告書,0,0
28,2014-07-30,S1002LJ2,E04192,,新潟運輸株式会社,有価証券報告書－第71期(平成25年5月1日－平成26年4月30日),0,1
29,2014-07-30,S1002LQ5,E05563,30310,株式会社ラクーンホールディングス,有価証券報告書－第18期(平成25年5月1日－平成26年4月30日),0,1
30,2014-07-30,S1002LVM,E00482,29100,株式会社ロック・フィールド,有価証券報告書－第42期(平成25年5月1日－平成26年4月30日),0,1
31,2014-07-30,S1002L5T,E05481,94250,日本テレホン株式会社,有価証券報告書－第26期(平成25年5月1日－平成26年4月30日),0,1
32,2014-07-30,S1002L7E,E24248,31610,アゼアス株式会社,有価証券報告書－第73期(平成25年5月1日－平成26年4月30日),0,1
33,2014-07-30,S1002JLK,E04651,,株式会社中山カントリークラブ,有価証券報告書－第53期(平成25年5月1日－平成26年4月30日),0,1
34,2014-07-30,S1002LY3,E05704,21590,株式会社フルスピード,有価証券報告書－第14期(平成25年5月1日－平成26年4月30日),0,1
35,2014-07-30,S1002LMQ,E02011,74350,株式会社ナ・デックス,有価証券報告書－第64期(平成25年5月1日－平成26年4月30日),0,1
36,2014-07-30,S1002LB4,E02430,78990,ＭＩＣＳ化学株式会社,有価証券報告書－第45期(平成25年5月1日－平成26年4月30日),0,1
37,2014-07-30,S1002LRL,E03279,75330,株式会社グリーンクロス,有価証券報告書－第43期(平成25年5月1日－平成26年4月30日),0,1
38,2014-07-31,S1002LYF,E04695,,尾道ゴルフ観光株式会社,有価証券報告書－第42期(平成25年5月1日－平成26年4月30日),0,1
39,2014-07-31,S1002M9Y,E03454,33610,株式会社トーエル,有価証券報告書－第51期(平成25年5月1日－平成26年4月30日),0,1
40,2014-07-31,S1002MCD,E05680,38430,フリービット株式会社,有価証券報告書－第14期(平成25年5月1日－平成26年4月30日),0,1
41,2014-07-31,S1002M0L,E30738,60970,日本ビューホテル株式会社,有価証券報告書－第66期(平成25年5月1日－平成26年4月30日),0,1
42,2014-07-31,S1002M9S,E04896,96270,株式会社アインホールディングス,有価証券報告書－第45期(平成25年5月1日－平成26年4月30日),0,1
43,2014-07-31,S1002MIT,E03363,26780,アスクル株式会社,有価証券報告書－第51期(平成25年5月21日－平成26年5月20日),0,1
44,2014-07-31,S1002MJY,E23807,,株式会社Ｌｏｎｇ　Ｔａｉｌ　Ｌｉｖｅ　Ｓｔａｔｉｏｎ,有価証券報告書－第12期(平成25年5月1日－平成26年4月30日),0,1
45,2014-08-05,S1002NL7,E05904,,トヨタ　モーター　クレジット　コーポレーション,有価証券報告書,0,0
46,2014-08-07,S1002OVO,E03149,,ＤＣＭくろがねや株式会社,有価証券報告書－第65期(平成25年5月16日－平成26年5月15日),0,1
47,2014-08-07,S1002NKB,E01856,69050,コーセル株式会社,有価証券報告書－第45期(平成25年5月21日－平成26年5月20日),0,1
48,2014-08-07,S1002P9N,E03464,33910,株式会社ツルハホールディングス,有価証券報告書－第52期(平成25年5月16日－平成26年5月15日),0,1
49,2014-08-08,S1002OKK,E03507,30750,株式会社銚子丸,有価証券報告書－第37期(平成25年5月16日－平成26年5月15日),0,1
50,2014-08-12,S1002SK5,E02956,27610,トシン・グループ株式会社,有価証券報告書－第37期(平成25年5月21日－平成26年5月20日),0,1
51,2014-08-14,S1002UVN,E24747,,ノムラ・ヨーロッパ・ファイナンス・エヌ・ブイ　（Ｎｏｍｕｒａ　Ｅｕｒｏｐｅ　Ｆｉｎａｎｃｅ　Ｎ．Ｖ．）,有価証券報告書,0,0
52,2014-08-18,S1002V5B,E05867,,メドトロニック・インク,外国会社報告書,0,0
53,2014-08-19,S1002VIP,E03257,,株式会社マルミヤストア,有価証券報告書－第42期(平成25年5月21日－平成26年5月20日),0,1
54,2014-08-19,S1002VK7,E03469,,株式会社クスリのアオキ,有価証券報告書－第30期(平成25年5月21日－平成26年5月20日),0,1
55,2014-08-20,S1002VTC,E03424,27920,株式会社ハニーズホールディングス,有価証券報告書－第36期(平成25年6月1日－平成26年5月31日),0,1
56,2014-08-20,S1002W0B,E05141,,株式会社エル・シー・エーホールディングス,有価証券報告書－第50期(平成25年5月21日－平成26年5月20日),0,1
57,2014-08-20,S1002W1A,E05162,48250,株式会社ウェザーニューズ,有価証券報告書－第28期(平成25年6月1日－平成26年5月31日),0,1
58,2014-08-21,S1002VVI,E24129,31600,株式会社大光,有価証券報告書－第64期(平成25年6月1日－平成26年5月31日),0,1
59,2014-08-21,S1002W4Q,E02793,74200,佐鳥電機株式会社,有価証券報告書－第72期(平成25年6月1日－平成26年5月31日),0,1
60,2014-08-21,S1002WDJ,E04601,,新橋演舞場株式会社,有価証券報告書－第92期(平成25年6月1日－平成26年5月31日),0,1
61,2014-08-22,S1002WI1,E03329,76300,株式会社壱番屋,有価証券報告書－第32期(平成25年6月1日－平成26年5月31日),0,1
62,2014-08-22,S1002WJL,E03169,98120,株式会社テーオーホールディングス,有価証券報告書－第60期(平成25年6月1日－平成26年5月31日),0,1
63,2014-08-22,S1002WJZ,E03386,27220,株式会社アイケイ,有価証券報告書－第33期(平成25年6月1日－平成26年5月31日),0,1
64,2014-08-22,S1002WB0,E20989,,トヨタ　モーター　ファイナンス　（ネザーランズ）　ビーブイ,有価証券報告書,0,0
65,2014-08-22,S1002W3D,E04873,96510,日本プロセス株式会社,有価証券報告書－第47期(平成25年6月1日－平成26年5月31日),0,1
66,2014-08-22,S1002WK3,E05053,47350,株式会社　京進,有価証券報告書－第34期(平成25年6月1日－平成26年5月31日),0,1
67,2014-08-22,S1002WI4,E00710,79210,宝印刷株式会社,有価証券報告書－第77期(平成25年6月1日－平成26年5月31日),0,1
68,2014-08-22,S1002WO0,E05027,47160,日本オラクル株式会社,有価証券報告書－第29期(平成25年6月1日－平成26年5月31日),0,1
69,2014-08-22,S1002WHJ,E05169,48290,日本エンタープライズ株式会社,有価証券報告書－第26期(平成25年6月1日－平成26年5月31日),0,1
70,2014-08-25,S1002W03,E01494,,旭サナック株式会社,有価証券報告書－第89期(平成25年6月1日－平成26年5月31日),0,1
71,2014-08-25,S1002VLB,E02968,33210,ミタチ産業株式会社,有価証券報告書－第38期(平成25年6月1日－平成26年5月31日),0,1
72,2014-08-25,S1002VYU,E05491,,株式会社ウィズ,有価証券報告書－第28期(平成25年6月1日－平成26年5月31日),0,1
73,2014-08-25,S1002WRI,E05641,38240,メディアファイブ株式会社,有価証券報告書－第18期(平成25年6月1日－平成26年5月31日),0,1
74,2014-08-25,S1002WML,E21606,31480,株式会社クリエイトＳＤホールディングス,有価証券報告書－第17期(平成25年6月1日－平成26年5月31日),0,1
75,2014-08-25,S1002WOJ,E02480,37910,株式会社ＩＧポート,有価証券報告書－第25期(平成25年6月1日－平成26年5月31日),0,1
76,2014-08-25,S1002WQJ,E03423,27910,大黒天物産株式会社,有価証券報告書－第28期(平成25年6月1日－平成26年5月31日),0,1
77,2014-08-25,S1002WQ4,E05536,24620,ライク株式会社,有価証券報告書－第21期(平成25年6月1日－平成26年5月31日),0,1
78,2014-08-25,S1002WQ1,E03409,27690,株式会社ヴィレッジヴァンガードコーポレーション,有価証券報告書－第26期(平成25年6月1日－平成26年5月31日),0,1
79,2014-08-26,S1002WXN,E00006,13770,株式会社　サカタのタネ,有価証券報告書－第73期(平成25年6月1日－平成26年5月31日),0,1
80,2014-08-26,S1002WXH,E04036,89400,株式会社インテリックス,有価証券報告書－第19期(平成25年6月1日－平成26年5月31日),0,1
81,2014-08-26,S1002WON,E27064,,モバイルクリエイト株式会社,有価証券報告書－第12期(平成25年6月1日－平成26年5月31日),0,1
82,2014-08-26,S1002WE2,E02996,,山下医科器械株式会社,有価証券報告書－第66期(平成25年6月1日－平成26年5月31日),0,1
83,2014-08-27,S1002XBM,E05527,24590,アウンコンサルティング株式会社,有価証券報告書－第16期(平成25年6月1日－平成26年5月31日),0,1
84,2014-08-27,S1002XDH,E05601,38100,サイバーステップ株式会社,有価証券報告書－第14期(平成25年6月1日－平成26年5月31日),0,1
85,2014-08-27,S1002WP9,E05313,89080,株式会社毎日コムネット,有価証券報告書－第36期(平成25年6月1日－平成26年5月31日),0,1
86,2014-08-27,S1002WUE,E02842,74870,小津産業株式会社,有価証券報告書－第103期(平成25年6月1日－平成26年5月31日),0,1
87,2014-08-27,S1002XGM,E00890,44650,株式会社ニイタカ,有価証券報告書－第52期(平成25年6月1日－平成26年5月31日),0,1
88,2014-08-27,S1002XHV,E02803,74340,株式会社オータケ,有価証券報告書－第62期(平成25年6月1日－平成26年5月31日),0,1
89,2014-08-27,S1002XJY,E04685,,株式会社金太郎温泉,有価証券報告書－第49期(平成25年6月1日－平成26年5月31日),0,1
90,2014-08-27,S1002XL8,E03988,88860,株式会社ウッドフレンズ,有価証券報告書－第32期(平成25年6月1日－平成26年5月31日),0,1
91,2014-08-27,S1002XKO,E05379,27960,ファーマライズホールディングス株式会社,有価証券報告書－第28期(平成25年6月1日－平成26年5月31日),0,1
92,2014-08-28,S1002WUA,E00866,78880,三光合成株式会社,有価証券報告書－第81期(平成25年6月1日－平成26年5月31日),0,1
93,2014-08-28,S1002VKH,E03189,,株式会社ドミー,有価証券報告書－第73期(平成25年6月1日－平成26年5月31日),0,1
94,2014-08-28,S1002XN7,E05176,48340,キャリアバンク株式会社,有価証券報告書－第27期(平成25年6月1日－平成26年5月31日),0,1
95,2014-08-28,S1002XQE,E02336,77250,株式会社インターアクション,有価証券報告書－第22期(平成25年6月1日－平成26年5月31日),0,1
96,2014-08-28,S1002XP3,E00687,38920,株式会社岡山製紙,有価証券報告書－第173期(平成25年6月1日－平成26年5月31日),0,1
97,2014-08-28,S1002X1Q,E05289,23030,株式会社ドーン,有価証券報告書－第23期(平成25年6月1日－平成26年5月31日),0,1
98,2014-08-28,S1002XK5,E01672,64890,前澤工業株式会社,有価証券報告書－第68期(平成25年6月1日－平成26年5月31日),0,1
99,2014-08-28,S1002WL8,E02323,77130,シグマ光機株式会社,有価証券報告書－第39期(平成25年6月1日－平成26年5月31日),0,1
100,2014-08-28,S1002W81,E03989,88870,リベレステ株式会社,有価証券報告書－第36期(平成25年6月1日－平成26年5月31日),0,1
101,2014-08-28,S1002X8W,E02677,81550,三益半導体工業株式会社,有価証券報告書－第45期(平成25年6月1日－平成26年5月31日),0,1
102,2014-08-28,S1002X7S,E00059,18870,日本国土開発株式会社,有価証券報告書－第85期(平成25年6月1日－平成26年5月31日),0,1
103,2014-08-28,S1002X35,E03465,30210,株式会社パシフィックネット,有価証券報告書－第26期(平成25年6月1日－平成26年5月31日),0,1
104,2014-08-28,S1002WYL,E00574,35010,住江織物株式会社,有価証券報告書－第125期(平成25年6月1日－平成26年5月31日),0,1
105,2014-08-28,S1002XNA,E26831,59320,三協立山株式会社,有価証券報告書－第69期(平成25年6月1日－平成26年5月31日),0,1
106,2014-08-28,S1002X71,E27855,60830,ＥＲＩホールディングス株式会社,有価証券報告書－第1期(平成25年12月2日－平成26年5月31日),0,1
107,2014-08-28,S1002XFS,E00323,14010,株式会社エムビーエス,有価証券報告書－第17期(平成25年6月1日－平成26年5月31日),0,1
108,2014-08-28,S1002XVO,E27305,14190,タマホーム株式会社,有価証券報告書－第16期(平成25年6月1日－平成26年5月31日),0,1
109,2014-08-28,S1002WKT,E01380,59670,ＴＯＮＥ株式会社,有価証券報告書－第79期(平成25年6月1日－平成26年5月31日),0,1
110,2014-08-28,S1002XNP,E03446,33490,株式会社コスモス薬品,有価証券報告書－第32期(平成25年6月1日－平成26年5月31日),0,1
111,2014-08-29,S1002XTC,E01649,64960,株式会社中北製作所,有価証券報告書－第88期(平成25年6月1日－平成26年5月31日),0,1
112,2014-08-29,S1002Y0X,E01742,65050,東洋電機製造株式会社,有価証券報告書－第153期(平成25年6月1日－平成26年5月31日),0,1
113,2014-08-29,S1002Y10,E05706,21530,Ｅ・Ｊホールディングス株式会社,有価証券報告書－第7期(平成25年6月1日－平成26年5月31日),0,1
114,2014-08-29,S1002Y07,E01508,61500,タケダ機械株式会社,有価証券報告書－第43期(平成25年6月1日－平成26年5月31日),0,1
115,2014-08-29,S1002Y26,E04767,,互助会保証株式会社,有価証券報告書－第42期(平成25年6月1日－平成26年5月31日),0,1
116,2014-08-29,S1002XZ6,E30598,32970,株式会社東武住販,有価証券報告書－第31期(平成25年6月1日－平成26年5月31日),0,1
117,2014-08-29,S1002XJ6,E24187,45770,ダイト株式会社,有価証券報告書－第72期(平成25年6月1日－平成26年5月31日),0,1
118,2014-08-29,S1002XB5,E04764,97650,株式会社オオバ,有価証券報告書－第80期(平成25年6月1日－平成26年5月31日),0,1
119,2014-08-29,S1002XTS,E26570,22300,五洋食品産業株式会社,有価証券報告書－第39期(平成25年6月1日－平成26年5月31日),0,1
120,2014-08-29,S1002Y4T,E05449,37600,株式会社ケイブ,有価証券報告書－第20期(平成25年6月1日－平成26年5月31日),0,1
121,2014-08-29,S1002XG4,E00004,13760,カネコ種苗株式会社,有価証券報告書－第67期(平成25年6月1日－平成26年5月31日),0,1
122,2014-08-29,S1002Y5S,E04064,32360,株式会社プロパスト,有価証券報告書－第28期(平成25年6月1日－平成26年5月31日),0,1
123,2014-08-29,S1002Y65,E24982,36450,株式会社メディカルネット,有価証券報告書－第13期(平成25年6月1日－平成26年5月31日),0,1
124,2014-08-29,S1002XBY,E05450,24370,Ｓｈｉｎｗａ　Ｗｉｓｅ　Ｈｏｌｄｉｎｇｓ株式会社,有価証券報告書－第25期(平成25年6月1日－平成26年5月31日),0,1
125,2014-08-29,S1002X9X,E04780,,ＴＫＣ金融保証株式会社,有価証券報告書－第37期(平成25年6月1日－平成26年5月31日),0,1
126,2014-08-29,S1002Y34,E02347,,株式会社レイテックス,有価証券報告書－第26期(平成25年6月1日－平成26年5月31日),0,1
127,2014-08-29,S1002Y7D,E05729,21680,株式会社パソナグループ,有価証券報告書－第7期(平成25年6月1日－平成26年5月31日),0,1
128,2014-09-08,S1002HBL,E06001,,ケベック州,有価証券報告書,0,0
129,2014-09-16,S1002YTE,E03410,,ゲンキー株式会社,有価証券報告書－第24期(平成25年6月21日－平成26年6月20日),0,1
130,2014-09-18,S100315O,E00476,29040,一正蒲鉾株式会社,有価証券報告書－第50期(平成25年7月1日－平成26年6月30日),0,1
131,2014-09-18,S1003123,E05163,48260,株式会社ＣＩＪ,有価証券報告書－第39期(平成25年7月1日－平成26年6月30日),0,1
132,2014-09-18,S1003035,E02398,79620,株式会社キングジム,有価証券報告書－第66期(平成25年6月21日－平成26年6月20日),0,1
133,2014-09-19,S1002ZJO,E30501,31910,株式会社ジョイフル本田,有価証券報告書－第39期(平成25年6月21日－平成26年6月20日),0,1
134,2014-09-22,S10031RI,E02448,59030,シンポ株式会社,有価証券報告書－第44期(平成25年7月1日－平成26年6月30日),0,1
135,2014-09-22,S10031BO,E04680,,各務原開発株式会社,有価証券報告書－第41期(平成25年7月1日－平成26年6月30日),0,1
136,2014-09-22,S100316Z,E01068,49760,東洋ドライルーブ株式会社,有価証券報告書－第52期(平成25年7月1日－平成26年6月30日),0,1
137,2014-09-22,S10031FW,E05494,37760,株式会社ブロードバンドタワー,有価証券報告書－第15期(平成25年7月1日－平成26年6月30日),0,1
138,2014-09-22,S10031PG,E02100,66620,株式会社ユビテック,有価証券報告書－第38期(平成25年7月1日－平成26年6月30日),0,1
139,2014-09-22,S10031RF,E05597,30410,株式会社ビューティ花壇,有価証券報告書－第18期(平成25年7月1日－平成26年6月30日),0,1
140,2014-09-22,S100321I,E00009,13810,株式会社アクシーズ,有価証券報告書－第52期(平成25年7月1日－平成26年6月30日),0,1
141,2014-09-24,S100319Q,E04924,97970,大日本コンサルタント株式会社,有価証券報告書－第52期(平成25年7月1日－平成26年6月30日),0,1
142,2014-09-25,S1003211,E05576,24810,株式会社タウンニュース社,有価証券報告書－第34期(平成25年7月1日－平成26年6月30日),0,1
143,2014-09-25,S10030UW,E02491,34390,株式会社三ツ知,有価証券報告書－第52期(平成25年7月1日－平成26年6月30日),0,1
144,2014-09-25,S10032FG,E01666,63400,澁谷工業株式会社,有価証券報告書－第66期(平成25年7月1日－平成26年6月30日),0,1
145,2014-09-25,S100324X,E03475,30280,株式会社アルペン,有価証券報告書－第42期(平成25年7月1日－平成26年6月30日),0,1
146,2014-09-25,S10032N5,E05255,43350,株式会社アイ・ピー・エス,有価証券報告書－第18期(平成25年7月1日－平成26年6月30日),0,1
147,2014-09-25,S10032O0,E05156,48190,株式会社デジタルガレージ,有価証券報告書－第19期(平成25年7月1日－平成26年6月30日),0,1
148,2014-09-25,S10032AQ,E24392,36390,株式会社ボルテージ,有価証券報告書－第15期(平成25年7月1日－平成26年6月30日),0,1
149,2014-09-25,S10032Q5,E05505,89450,日本社宅サービス株式会社,有価証券報告書－第16期(平成25年7月1日－平成26年6月30日),0,1
150,2014-09-26,S10032E9,E04025,89280,穴吹興産株式会社,有価証券報告書－第51期(平成25年7月1日－平成26年6月30日),0,1
151,2014-09-26,S1003270,E02920,34260,アトムリビンテック株式会社,有価証券報告書－第60期(平成25年7月1日－平成26年6月30日),0,1
152,2014-09-26,S100302R,E00362,,新中糖産業株式会社,有価証券報告書－第55期(平成25年7月1日－平成26年6月30日),0,1
153,2014-09-26,S1003253,E00329,14140,ショーボンドホールディングス株式会社,有価証券報告書－第7期(平成25年7月1日－平成26年6月30日),0,1
154,2014-09-26,S100324B,E02039,68740,協立電機株式会社,有価証券報告書－第56期(平成25年7月1日－平成26年6月30日),0,1
155,2014-09-26,S10032MK,E00010,13820,株式会社ホーブ,有価証券報告書－第28期(平成25年7月1日－平成26年6月30日),0,1
156,2014-09-26,S10032KD,E01208,52830,株式会社高見澤,有価証券報告書－第64期(平成25年7月1日－平成26年6月30日),0,1
157,2014-09-26,S10032L3,E04972,46570,株式会社環境管理センター,有価証券報告書－第45期(平成26年4月1日－平成26年6月30日),0,1
158,2014-09-26,S10032PS,E05250,,株式会社セラーテムテクノロジー,有価証券報告書－第19期(平成25年7月1日－平成26年6月30日),0,1
159,2014-09-26,S10032G9,E00365,,北部製糖株式会社,有価証券報告書－第55期(平成25年7月1日－平成26年6月30日),0,1
160,2014-09-26,S10032MC,E02928,26890,株式会社カワニシホールディングス,有価証券報告書－第65期(平成25年7月1日－平成26年6月30日),0,1
161,2014-09-26,S10032CR,E26301,36600,株式会社アイスタイル,有価証券報告書－第15期(平成25年7月1日－平成26年6月30日),0,1
162,2014-09-26,S10032LV,E00368,,石垣島製糖株式会社,有価証券報告書－第53期(平成25年7月1日－平成26年6月30日),0,1
163,2014-09-26,S10032US,E27486,45870,ペプチドリーム株式会社,有価証券報告書－第8期(平成25年7月1日－平成26年6月30日),0,1
164,2014-09-26,S10032MT,E01994,69160,株式会社アイ・オー・データ機器,有価証券報告書－第39期(平成25年7月1日－平成26年6月30日),0,1
165,2014-09-26,S10032L0,E00078,19540,日本工営株式会社,有価証券報告書－第70期(平成25年7月1日－平成26年6月30日),0,1
166,2014-09-26,S10032XY,E02338,77070,プレシジョン・システム・サイエンス株式会社,有価証券報告書－第29期(平成25年7月1日－平成26年6月30日),0,1
167,2014-09-26,S10031AS,E01219,53800,新東株式会社,有価証券報告書－第51期(平成25年7月1日－平成26年6月30日),0,1
168,2014-09-26,S10032Y7,E02261,,株式会社ツノダ,有価証券報告書－第78期(平成25年7月1日－平成26年6月30日),0,1
169,2014-09-26,S10032SF,E02058,67850,株式会社鈴木,有価証券報告書－第45期(平成25年7月1日－平成26年6月30日),0,1
170,2014-09-26,S10032YS,E27464,32860,トラストホールディングス株式会社,有価証券報告書－第1期(平成25年7月1日－平成26年6月30日),0,1
171,2014-09-26,S10032FI,E05191,48470,株式会社インテリジェント　ウェイブ,有価証券報告書－第31期(平成25年7月1日－平成26年6月30日),0,1
172,2014-09-26,S10032OR,E05663,38360,株式会社アバント,有価証券報告書－第18期(平成25年7月1日－平成26年6月30日),0,1
173,2014-09-26,S10032V0,E04008,89120,株式会社エリアクエスト,有価証券報告書－第15期(平成25年7月1日－平成26年6月30日),0,1
174,2014-09-26,S10032T0,E01713,63270,北川精機株式会社,有価証券報告書－第58期(平成25年7月1日－平成26年6月30日),0,1
175,2014-09-26,S10032JJ,E04230,90280,株式会社ゼロ,有価証券報告書－第68期(平成25年7月1日－平成26年6月30日),0,1
176,2014-09-26,S10032XL,E05069,47480,株式会社　構造計画研究所,有価証券報告書－第56期(平成25年7月1日－平成26年6月30日),0,1
177,2014-09-26,S10032RB,E02324,68880,アクモス株式会社,有価証券報告書－第23期(平成25年7月1日－平成26年6月30日),0,1
178,2014-09-26,S10032JO,E04189,,株式会社ニヤクコーポレーション,有価証券報告書－第97期(平成25年7月1日－平成26年6月30日),0,1
179,2014-09-26,S100331P,E05100,47670,株式会社テー・オー・ダブリュー,有価証券報告書－第38期(平成25年7月1日－平成26年6月30日),0,1
180,2014-09-26,S1003321,E03006,30760,あいホールディングス株式会社,有価証券報告書－第8期(平成25年7月1日－平成26年6月30日),0,1
181,2014-09-26,S10030YH,E03528,30970,株式会社物語コーポレーション,有価証券報告書－第45期(平成25年7月1日－平成26年6月30日),0,1
182,2014-09-26,S10032IU,E00282,17640,工藤建設株式会社,有価証券報告書－第43期(平成25年7月1日－平成26年6月30日),0,1
183,2014-09-26,S100333O,E26444,60620,株式会社チャーム・ケア・コーポレーション,有価証券報告書－第30期(平成25年7月1日－平成26年6月30日),0,1
184,2014-09-26,S10032C5,E05470,95140,株式会社エフオン,有価証券報告書－第18期(平成25年7月1日－平成26年6月30日),0,1
185,2014-09-26,S10032B3,E22995,31540,メディアスホールディングス株式会社,有価証券報告書－第5期(平成25年7月1日－平成26年6月30日),0,1
186,2014-09-26,S100332L,E04069,32420,株式会社アーバネットコーポレーション,有価証券報告書－第17期(平成25年7月1日－平成26年6月30日),0,1
187,2014-09-26,S10032U6,E25817,36550,株式会社ブレインパッド,有価証券報告書－第11期(平成25年7月1日－平成26年6月30日),0,1
188,2014-09-26,S100330X,E05187,48450,株式会社スカラ,有価証券報告書－第28期(平成25年7月1日－平成26年6月30日),0,1
189,2014-09-26,S10032X4,E05786,,セバン・トレント・ピーエルシー,有価証券報告書,0,0
190,2014-09-26,S10032UL,E30466,36860,株式会社ディー・エル・イー,有価証券報告書－第13期(平成25年7月1日－平成26年6月30日),0,1
191,2014-09-26,S100323F,E27868,56980,株式会社エンビプロ・ホールディングス,有価証券報告書－第5期(平成25年7月1日－平成26年6月30日),0,1
192,2014-09-26,S10032KX,E02485,78260,株式会社フルヤ金属,有価証券報告書－第46期(平成25年7月1日－平成26年6月30日),0,1
193,2014-09-26,S100334W,E23487,45750,株式会社キャンバス,有価証券報告書－第15期(平成25年7月1日－平成26年6月30日),0,1
194,2014-09-26,S1003377,E05564,24770,手間いらず株式会社,有価証券報告書－第11期(平成25年7月1日－平成26年6月30日),0,1
195,2014-09-26,S10032VM,E03280,75320,株式会社パン・パシフィック・インターナショナルホールディングス,有価証券報告書－第34期(平成25年7月1日－平成26年6月30日),0,1
196,2014-09-26,S100337H,E27567,,株式会社フォトクリエイト,有価証券報告書－第13期(平成25年7月1日－平成26年6月30日),0,1
197,2014-09-26,S10032YR,E01589,67280,株式会社　アルバック,有価証券報告書－第110期(平成25年7月1日－平成26年6月30日),0,1
198,2014-09-26,S10032UZ,E03306,75850,株式会社かんなん丸,有価証券報告書－第37期(平成25年7月1日－平成26年6月30日),0,1
199,2014-09-29,S10032TQ,E26446,60610,株式会社ユニバーサル園芸社,有価証券報告書－第41期(平成25年7月1日－平成26年6月30日),0,1
200,2014-09-29,S1003398,E01215,,株式会社武井工業所,有価証券報告書－第59期(平成25年7月1日－平成26年6月30日),0,1
201,2014-09-29,S10032WN,E01446,59870,株式会社オーネックス,有価証券報告書－第63期(平成25年7月1日－平成26年6月30日),0,1
202,2014-09-29,S1003360,E02349,77470,朝日インテック株式会社,有価証券報告書－第38期(平成25年7月1日－平成26年6月30日),0,1
203,2014-09-29,S10033CX,E00320,17160,第一カッター興業株式会社,有価証券報告書－第47期(平成25年7月1日－平成26年6月30日),0,1
204,2014-09-29,S100339P,E01991,69200,レーザーテック株式会社,有価証券報告書－第52期(平成25年7月1日－平成26年6月30日),0,1
205,2014-09-29,S100339X,E02847,75000,西川計測株式会社,有価証券報告書－第79期(平成25年7月1日－平成26年6月30日),0,1
206,2014-09-29,S10033A4,E03404,27620,株式会社　三光マーケティングフーズ,有価証券報告書－第38期(平成25年7月1日－平成26年6月30日),0,1
207,2014-09-29,S10033DV,E05695,21540,株式会社トラスト・テック,有価証券報告書－第10期(平成25年7月1日－平成26年6月30日),0,1
208,2014-09-29,S100334M,E04339,93610,伏木海陸運送株式会社,有価証券報告書－第97期(平成25年7月1日－平成26年6月30日),0,1
209,2014-09-29,S10031PX,E03211,99660,藤久株式会社,有価証券報告書－第54期(平成25年7月1日－平成26年6月30日),0,1
210,2014-09-29,S100332U,E00259,17880,株式会社三東工業社,有価証券報告書－第60期(平成25年7月1日－平成26年6月30日),0,1
211,2014-09-29,S10032YG,E02343,61560,株式会社エーワン精密,有価証券報告書－第24期(平成25年7月1日－平成26年6月30日),0,1
212,2014-09-29,S100329W,E05367,23850,株式会社総医研ホールディングス,有価証券報告書－第20期(平成25年7月1日－平成26年6月30日),0,1
213,2014-09-29,S10033F3,E00367,,久米島製糖株式会社,有価証券報告書－第54期(平成25年7月1日－平成26年6月30日),0,1
214,2014-09-29,S100338F,E00389,22260,株式会社湖池屋,有価証券報告書－第38期(平成25年7月1日－平成26年6月30日),0,1
215,2014-09-29,S100334D,E00607,35970,株式会社自重堂,有価証券報告書－第54期(平成25年7月1日－平成26年6月30日),0,1
216,2014-09-29,S10032XO,E00248,19990,サイタホールディングス株式会社,有価証券報告書－第59期(平成25年7月1日－平成26年6月30日),0,1
217,2014-09-29,S100328K,E22012,36320,グリー株式会社,有価証券報告書－第10期(平成25年7月1日－平成26年6月30日),0,1
218,2014-09-29,S10031WM,E06066,,南アフリカ共和国,有価証券報告書,0,0
219,2014-09-29,S1002YJN,E24841,,ＧＬＰプライベート・リミテッド,有価証券報告書,0,0
220,2014-09-29,S10033AM,E03331,76360,株式会社ハンズマン,有価証券報告書－第50期(平成25年7月1日－平成26年6月30日),0,1
221,2014-09-29,S10033I2,E05713,38560,Ａｂａｌａｎｃｅ株式会社,有価証券報告書－第15期(平成25年7月1日－平成26年6月30日),0,1
222,2014-09-29,S1003391,E04918,,株式会社福山コンサルタント,有価証券報告書－第52期(平成25年7月1日－平成26年6月30日),0,1
223,2014-09-29,S100339E,E03512,30820,株式会社きちりホールディングス,有価証券報告書－第16期(平成25年7月1日－平成26年6月30日),0,1
224,2014-09-29,S10033K1,E30880,33000,株式会社ＡＭＢＩＴＩＯＮ,有価証券報告書－第7期(平成25年7月1日－平成26年6月30日),0,1
225,2014-09-29,S10033KA,E05055,94390,株式会社エム・エイチ・グループ,有価証券報告書－第25期(平成25年7月1日－平成26年6月30日),0,1
226,2014-09-29,S100334N,E05587,38080,株式会社オウケイウェイヴ,有価証券報告書－第15期(平成25年7月1日－平成26年6月30日),0,1
227,2014-09-29,S10033JS,E03434,33260,株式会社ランシステム,有価証券報告書－第26期(平成25年7月1日－平成26年6月30日),0,1
228,2014-09-29,S10032JD,E05458,24280,ウェルネット株式会社,有価証券報告書－第32期(平成25年7月1日－平成26年6月30日),0,1
229,2014-09-29,S10033JZ,E00366,,株式会社　りゅうとう,有価証券報告書－第63期(平成25年7月1日－平成26年6月30日),0,1
230,2014-09-29,S10033DJ,E02339,,石山Ｇａｔｅｗａｙ　Ｈｏｌｄｉｎｇｓ株式会社,有価証券報告書－第32期(平成25年7月1日－平成26年6月30日),0,1
231,2014-09-29,S10033BI,E05396,24050,株式会社フジコー,有価証券報告書－第41期(平成25年7月1日－平成26年6月30日),0,1
232,2014-09-29,S10033O5,E21381,21800,株式会社サニーサイドアップ,有価証券報告書－第29期(平成25年7月1日－平成26年6月30日),0,1
233,2014-09-30,S1002HLC,E06115,,予防接種のための国際金融ファシリティ（ＩＦＦＩｍ）,有価証券報告書,0,0
234,2014-09-30,S10033JD,E04664,,瀬戸内開発株式会社,有価証券報告書－第48期(平成25年7月1日－平成26年6月30日),0,1
235,2014-09-30,S100334P,E30005,,ヴェダンタ・リミテッド,有価証券報告書,0,0
236,2014-09-30,S10033S6,E24340,32710,株式会社　ＴＨＥグローバル社,有価証券報告書－第4期(平成25年7月1日－平成26年6月30日),0,1
237,2014-09-30,S10031XC,E05975,,アイシーアイシーアイ・バンク・リミテッド,有価証券報告書,0,0
238,2014-09-30,S10030HL,E04740,,株式会社リオフジワラカントリー,有価証券報告書－第9期(平成25年7月1日－平成26年6月30日),0,1
239,2014-09-30,S10033UZ,E25517,,エスエフジェー・キャピタル・リミテッド　（ＳＦＪ　Ｃａｐｉｔａｌ　Ｌｉｍｉｔｅｄ）,有価証券報告書－第7期(平成25年11月22日－平成26年5月21日),0,1
240,2014-09-30,S10032JF,E06110,,インド輸出入銀行,有価証券報告書,0,0
241,2014-09-30,S10033U7,E00384,,フジパングループ本社株式会社,有価証券報告書－第68期(平成25年7月1日－平成26年6月30日),0,1
242,2014-09-30,S10033XX,E05740,21720,株式会社インサイト,有価証券報告書－第40期(平成25年7月1日－平成26年6月30日),0,1
243,2014-09-30,S10033ZX,E02990,,株式会社ノア,有価証券報告書－第14期(平成25年7月1日－平成26年6月30日),0,1
244,2014-09-30,S10033Z1,E21259,31400,株式会社イデアインターナショナル,有価証券報告書－第19期(平成25年7月1日－平成26年6月30日),0,1
245,2014-10-01,S10034AD,E06063,,ギリシャ国有鉄道,有価証券報告書,0,0
246,2014-10-10,S100351W,E05872,,オーストラリア・コモンウェルス銀行,有価証券報告書,0,0
247,2014-10-14,S10035O3,E02515,80570,株式会社内田洋行,有価証券報告書－第76期(平成25年7月21日－平成26年7月20日),0,1
248,2014-10-16,S10036ZY,E05006,46990,ウチダエスコ株式会社,有価証券報告書－第42期(平成25年7月21日－平成26年7月20日),0,1
249,2014-10-17,S10036IQ,E01451,34210,株式会社稲葉製作所,有価証券報告書－第67期(平成25年8月1日－平成26年7月31日),0,1
250,2014-10-22,S10037EJ,E05394,,株式会社綜合臨床ホールディングス,有価証券報告書－第25期(平成25年8月1日－平成26年7月31日),0,1
251,2014-10-23,S1003818,E01062,49240,株式会社シーズ・ホールディングス,有価証券報告書－第16期(平成25年8月1日－平成26年7月31日),0,1
252,2014-10-23,S1003823,E26322,31720,ティーライフ株式会社,有価証券報告書－第31期(平成25年8月1日－平成26年7月31日),0,1
253,2014-10-24,S1003841,E05803,,ザ・コリア・ファンド・インク,外国会社報告書,0,0
254,2014-10-24,S1003847,E02484,29290,株式会社ファーマフーズ,有価証券報告書－第17期(平成25年8月1日－平成26年7月31日),0,1
255,2014-10-24,S100382L,E05161,48240,株式会社メディアシーク,有価証券報告書－第15期(平成25年8月1日－平成26年7月31日),0,1
256,2014-10-24,S10037VX,E02060,63870,サムコ　株式会社,有価証券報告書－第35期(平成25年8月1日－平成26年7月31日),0,1
257,2014-10-27,S10034C4,E02469,62670,ゼネラルパッカー株式会社,有価証券報告書－第53期(平成25年8月1日－平成26年7月31日),0,1
258,2014-10-27,S10038AX,E05742,36250,テックファームホールディングス株式会社,有価証券報告書－第23期(平成25年8月1日－平成26年7月31日),0,1
259,2014-10-28,S100384Q,E04696,,株式会社　藤ケ谷カントリー倶楽部,有価証券報告書－第50期(平成25年8月1日－平成26年7月31日),0,1
260,2014-10-28,S10038ND,E00735,78500,総合商研株式会社,有価証券報告書－第43期(平成25年8月1日－平成26年7月31日),0,1
261,2014-10-28,S10038KY,E05378,23910,株式会社プラネット,有価証券報告書－第29期(平成25年8月1日－平成26年7月31日),0,1
262,2014-10-28,S10038JS,E05605,,ビットアイル・エクイニクス株式会社,有価証券報告書－第15期(平成25年8月1日－平成26年7月31日),0,1
263,2014-10-29,S10038DM,E30042,60910,株式会社ウエスコホールディングス,有価証券報告書－第1期(平成25年8月1日－平成26年7月31日),0,1
264,2014-10-29,S10038OE,E00239,18440,株式会社大盛工業,有価証券報告書－第48期(平成25年8月1日－平成26年7月31日),0,1
265,2014-10-29,S10038Z1,E05635,38160,株式会社大和コンピューター,有価証券報告書－第38期(平成25年8月1日－平成26年7月31日),0,1
266,2014-10-29,S10038VR,E05279,,株式会社ティー・ワイ・オー,有価証券報告書－第33期(平成25年8月1日－平成26年7月31日),0,1
267,2014-10-29,S1003914,E05705,38540,株式会社アイル,有価証券報告書－第24期(平成25年8月1日－平成26年7月31日),0,1
268,2014-10-29,S10038TC,E02342,67780,株式会社アルチザネットワークス,有価証券報告書－第24期(平成25年8月1日－平成26年7月31日),0,1
269,2014-10-29,S1003930,E30699,31930,株式会社鳥貴族,有価証券報告書－第28期(平成25年8月1日－平成26年7月31日),0,1
270,2014-10-29,S100376M,E02083,67210,ウインテスト株式会社,有価証券報告書－第21期(平成25年8月1日－平成26年7月31日),0,1
271,2014-10-30,S10039A2,E05357,,ジャパンメディアシステム株式会社,有価証券報告書－第30期(平成25年8月1日－平成26年7月31日),0,1
272,2014-10-30,S100397Q,E00954,,佐藤製薬株式会社,有価証券報告書－第75期(平成25年8月1日－平成26年7月31日),0,1
273,2014-10-30,S10038PO,E03212,,株式会社一や,有価証券報告書－第64期(平成25年8月1日－平成26年7月31日),0,1
274,2014-10-30,S10039C4,E02091,,シーシーエス株式会社,有価証券報告書－第21期(平成25年8月1日－平成26年7月31日),0,1
275,2014-10-30,S10038YY,E26369,36620,株式会社エイチーム,有価証券報告書－第15期(平成25年8月1日－平成26年7月31日),0,1
276,2014-10-30,S10039FU,E02121,34410,株式会社山王,有価証券報告書－第56期(平成25年8月1日－平成26年7月31日),0,1
277,2014-10-31,S100393N,E04023,89250,株式会社アルデプロ,有価証券報告書－第27期(平成25年8月1日－平成26年7月31日),0,1
278,2014-10-31,S10039RE,E05327,23530,日本駐車場開発株式会社,有価証券報告書－第23期(平成25年8月1日－平成26年7月31日),0,1
279,2014-10-31,S10039SR,E04024,89270,株式会社明豊エンタープライズ,有価証券報告書－第46期(平成25年8月1日－平成26年7月31日),0,1
280,2014-10-31,S10039TS,E05760,,ザ・プロクター・アンド・ギャンブル・カンパニー,外国会社報告書,0,0
281,2014-11-11,S100395B,E02995,30350,ケイティケイ株式会社,有価証券報告書－第43期(平成25年8月21日－平成26年8月20日),0,1
282,2014-11-14,S1003DIA,E00722,78700,福島印刷株式会社,有価証券報告書－第62期(平成25年8月21日－平成26年8月20日),0,1
283,2014-11-18,S1003IC5,E03240,74450,株式会社ライトオン,有価証券報告書－第35期(平成25年8月21日－平成26年8月20日),0,1
284,2014-11-21,S1003IJO,E02896,76070,株式会社進和,有価証券報告書－第64期(平成25年9月1日－平成26年8月31日),0,1
285,2014-11-21,S1003J69,E00246,19970,暁飯島工業株式会社,有価証券報告書－第61期(平成25年9月1日－平成26年8月31日),0,1
286,2014-11-21,S1003J6E,E02478,61590,ミクロン精密株式会社,有価証券報告書－第55期(平成25年9月1日－平成26年8月31日),0,1
287,2014-11-25,S1003J2L,E00392,,株式会社シベール,有価証券報告書－第44期(平成25年9月1日－平成26年8月31日),0,1
288,2014-11-25,S1003J97,E03217,99830,株式会社ファーストリテイリング,有価証券報告書－第53期(平成25年9月1日－平成26年8月31日),0,1
289,2014-11-25,S1003JDK,E04981,46680,株式会社明光ネットワークジャパン,有価証券報告書－第30期(平成25年9月1日－平成26年8月31日),0,1
290,2014-11-25,S1003IGU,E00600,81270,ヤマトインターナショナル株式会社,有価証券報告書－第68期(平成25年9月1日－平成26年8月31日),0,1
291,2014-11-25,S1003IIB,E30454,94140,日本ＢＳ放送株式会社,有価証券報告書－第16期(平成25年9月1日－平成26年8月31日),0,1
292,2014-11-25,S1003JHH,E02340,77300,マニー株式会社,有価証券報告書－第55期(平成25年9月1日－平成26年8月31日),0,1
293,2014-11-25,S1003JIV,E01690,62890,株式会社技研製作所,有価証券報告書－第33期(平成25年9月1日－平成26年8月31日),0,1
294,2014-11-25,S1003IY0,E05842,,シスコ・システムズ・インク,外国会社報告書,0,0
295,2014-11-25,S1003JJU,E03270,75130,株式会社コジマ,有価証券報告書－第52期(平成25年9月1日－平成26年8月31日),0,1
296,2014-11-26,S1003J4I,E04706,,株式会社　高滝リンクス倶楽部,有価証券報告書－第28期(平成25年9月1日－平成26年8月31日),0,1
297,2014-11-26,S1003JZW,E05716,21640,株式会社地域新聞社,有価証券報告書－第30期(平成25年9月1日－平成26年8月31日),0,1
298,2014-11-26,S1003JSB,E03438,,ＡＣリアルエステイト株式会社,有価証券報告書－第38期(平成25年9月1日－平成26年8月31日),0,1
299,2014-11-26,S1003JZV,E03271,75140,株式会社　ヒマラヤ,有価証券報告書－第39期(平成25年9月1日－平成26年8月31日),0,1
300,2014-11-26,S1003JC8,E00327,14070,株式会社ウエストホールディングス,有価証券報告書－第9期(平成25年9月1日－平成26年8月31日),0,1
301,2014-11-26,S1003671,E25443,31680,黒谷株式会社,有価証券報告書－第29期(平成25年9月1日－平成26年8月31日),0,1
302,2014-11-26,S1003JJN,E03391,27350,株式会社ワッツ,有価証券報告書－第20期(平成25年9月1日－平成26年8月31日),0,1
303,2014-11-26,S1003K40,E03481,30480,株式会社ビックカメラ,有価証券報告書－第34期(平成25年9月1日－平成26年8月31日),0,1
304,2014-11-26,S1003K5V,E05622,38150,株式会社メディア工房,有価証券報告書－第17期(平成25年9月1日－平成26年8月31日),0,1
305,2014-11-26,S1003JJG,E01064,29270,株式会社ＡＦＣ－ＨＤアムスライフサイエンス,有価証券報告書－第34期(平成25年9月1日－平成26年8月31日),0,1
306,2014-11-26,S1003K74,E04059,32280,株式会社三栄建築設計,有価証券報告書－第21期(平成25年9月1日－平成26年8月31日),0,1
307,2014-11-27,S1003JSJ,E00617,36070,株式会社クラウディアホールディングス,有価証券報告書－第38期(平成25年9月1日－平成26年8月31日),0,1
308,2014-11-27,S1003JUB,E03459,33760,株式会社オンリー,有価証券報告書－第38期(平成25年9月1日－平成26年8月31日),0,1
309,2014-11-27,S1003J60,E05083,47600,株式会社アルファ,有価証券報告書－第32期(平成25年9月1日－平成26年8月31日),0,1
310,2014-11-27,S1003K8A,E04656,,鳴門ゴルフ株式会社,有価証券報告書－第52期(平成25年9月1日－平成26年8月31日),0,1
311,2014-11-27,S1003K7U,E02238,72190,株式会社エッチ・ケー・エス,有価証券報告書－第41期(平成25年9月1日－平成26年8月31日),0,1
312,2014-11-27,S1003K8M,E26579,31740,株式会社ハピネス・アンド・ディ,有価証券報告書－第24期(平成25年9月1日－平成26年8月31日),0,1
313,2014-11-27,S1003JDN,E03000,30450,株式会社カワサキ,有価証券報告書－第43期(平成25年9月1日－平成26年8月31日),0,1
314,2014-11-27,S1003J5I,E05409,24040,株式会社鉄人化計画,有価証券報告書－第16期(平成25年9月1日－平成26年8月31日),0,1
315,2014-11-27,S1003KE6,E05338,37110,株式会社創通,有価証券報告書－第52期(平成25年9月1日－平成26年8月31日),0,1
316,2014-11-27,S1003KED,E04751,21570,株式会社コシダカホールディングス,有価証券報告書－第45期(平成25年9月1日－平成26年8月31日),0,1
317,2014-11-27,S1003JZR,E02809,74470,ナガイレーベン株式会社,有価証券報告書－第65期(平成25年9月1日－平成26年8月31日),0,1
318,2014-11-27,S1003K2F,E03471,30460,株式会社ジンズ,有価証券報告書－第27期(平成25年9月1日－平成26年8月31日),0,1
319,2014-11-27,S1003K02,E04479,,株式会社ＵＳＥＮ,有価証券報告書－第50期(平成25年9月1日－平成26年8月31日),0,1
320,2014-11-27,S1003K17,E02493,34400,日創プロニティ株式会社,有価証券報告書－第31期(平成25年9月1日－平成26年8月31日),0,1
321,2014-11-27,S1003KI2,E03392,27360,フェスタリアホールディングス株式会社,有価証券報告書－第51期(平成25年9月1日－平成26年8月31日),0,1
322,2014-11-27,S1003KIC,E05498,24490,株式会社プラップジャパン,有価証券報告書－第44期(平成25年9月1日－平成26年8月31日),0,1
323,2014-11-27,S1003K12,E01995,69150,千代田インテグレ株式会社,有価証券報告書－第59期(平成25年9月1日－平成26年8月31日),0,1
324,2014-11-27,S1003KJS,E00311,89040,株式会社サンヨーハウジング名古屋,有価証券報告書－第25期(平成25年9月1日－平成26年8月31日),0,1
325,2014-11-27,S1003JLB,E24753,78180,株式会社トランザクション,有価証券報告書－第28期(平成25年9月1日－平成26年8月31日),0,1
326,2014-11-28,S1003JR7,E01031,79280,旭化学工業株式会社,有価証券報告書－第48期(平成25年9月1日－平成26年8月31日),0,1
327,2014-11-28,S1003KLL,E03305,75810,株式会社サイゼリヤ,有価証券報告書－第42期(平成25年9月1日－平成26年8月31日),0,1
328,2014-11-28,S1003KFF,E05042,47280,株式会社トーセ,有価証券報告書－第35期(平成25年9月1日－平成26年8月31日),0,1
329,2014-11-28,S1003KPW,E01734,62550,株式会社エヌ・ピー・シー,有価証券報告書－第22期(平成25年9月1日－平成26年8月31日),0,1
330,2014-11-28,S1003KKA,E30020,31890,株式会社ＡＮＡＰ,有価証券報告書－第23期(平成25年9月1日－平成26年8月31日),0,1
331,2014-11-28,S1003JYE,E03074,81840,株式会社島忠,有価証券報告書－第55期(平成25年9月1日－平成26年8月31日),0,1
332,2014-11-28,S1003KRY,E04608,,株式会社明治座,有価証券報告書－第80期(平成25年9月1日－平成26年8月31日),0,1
333,2014-11-28,S1003KIN,E05630,38230,株式会社アクロディア,有価証券報告書－第10期(平成25年9月1日－平成26年8月31日),0,1
334,2014-11-28,S1003JSL,E24998,36470,株式会社ジー・スリーホールディングス,有価証券報告書－第4期(平成25年9月1日－平成26年8月31日),0,1
335,2014-11-28,S1003KSB,E21035,31410,ウエルシアホールディングス株式会社,有価証券報告書－第6期(平成25年9月1日－平成26年8月31日),0,1
336,2014-11-28,S1003KSE,E02092,66680,株式会社アドテックプラズマテクノロジー,有価証券報告書－第30期(平成25年9月1日－平成26年8月31日),0,1
337,2014-11-28,S1003K6C,E04675,,菊陽緑化興産株式会社,有価証券報告書－第42期(平成25年9月1日－平成26年8月31日),0,1
338,2014-11-28,S1003KV6,E30999,60250,日本ＰＣサービス株式会社,有価証券報告書－第13期(平成25年9月1日－平成26年8月31日),0,1
339,2014-11-28,S1003KLG,E03221,99780,株式会社文教堂グループホールディングス,有価証券報告書－第64期(平成25年9月1日－平成26年8月31日),0,1
340,2014-11-28,S1003KT6,E25761,,株式会社ヒト・コミュニケーションズ,有価証券報告書－第18期(平成25年9月1日－平成26年8月31日),0,1
341,2014-11-28,S1003KL7,E30504,31920,株式会社白鳩,有価証券報告書－第42期(平成25年9月1日－平成26年8月31日),0,1
342,2014-11-28,S1003KTC,E03223,99790,株式会社大庄,有価証券報告書－第43期(平成25年9月1日－平成26年8月31日),0,1
343,2014-11-28,S1003KWX,E05584,24840,夢の街創造委員会株式会社,有価証券報告書－第15期(平成25年9月1日－平成26年8月31日),0,1
344,2014-11-28,S1003K90,E30969,36970,株式会社ＳＨＩＦＴ,有価証券報告書－第9期(平成25年9月1日－平成26年8月31日),0,1
345,2014-12-01,S1003L23,E01465,62640,株式会社マルマエ,有価証券報告書－第27期(平成25年9月1日－平成26年8月31日),0,1
346,2014-12-01,S1003L3Q,E04677,,御調観光開発株式会社,有価証券報告書－第42期(平成25年9月1日－平成26年8月31日),0,1
347,2014-12-11,S1003MI9,E00422,25510,マルサンアイ株式会社,有価証券報告書－第63期(平成25年9月21日－平成26年9月20日),0,1
348,2014-12-11,S1003NDL,E24991,49280,株式会社ノエビアホールディングス,有価証券報告書－第4期(平成25年10月1日－平成26年9月30日),0,1
349,2014-12-12,S1003MZ8,E04925,97950,株式会社ステップ,有価証券報告書－第36期(平成25年10月1日－平成26年9月30日),0,1
350,2014-12-12,S1003LY2,E05961,,オーストラリア・ニュージーランド銀行,有価証券報告書,0,0
351,2014-12-12,S1003NKM,E05933,,ホープウェル・ハイウェイ・インフラストラクチャー・リミテッド,有価証券報告書,0,0
352,2014-12-15,S1003O38,E03437,33280,ＢＥＥＮＯＳ株式会社,有価証券報告書－第15期(平成25年10月1日－平成26年9月30日),0,1
353,2014-12-16,S1003O7E,E05072,47510,株式会社サイバーエージェント,有価証券報告書－第17期(平成25年10月1日－平成26年9月30日),0,1
354,2014-12-16,S1003O7Z,E02858,75270,株式会社システムソフト,有価証券報告書－第33期(平成25年10月1日－平成26年9月30日),0,1
355,2014-12-17,S1003OA5,E01676,62770,ホソカワミクロン株式会社,有価証券報告書－第70期(平成25年10月1日－平成26年9月30日),0,1
356,2014-12-17,S1003O64,E00723,94760,株式会社中央経済社ホールディングス,有価証券報告書－第77期(平成25年10月1日－平成26年9月30日),0,1
357,2014-12-17,S1003O2G,E02913,76480,株式会社トーカン,有価証券報告書－第65期(平成25年10月1日－平成26年9月30日),0,1
358,2014-12-17,S1003OLH,E05343,,株式会社ドワンゴ,有価証券報告書－第18期(平成25年10月1日－平成26年9月30日),0,1
359,2014-12-17,S1003OD6,E30996,36980,株式会社ＣＲＩ・ミドルウェア,有価証券報告書－第14期(平成25年10月1日－平成26年9月30日),0,1
360,2014-12-17,S1003OIK,E05707,36240,アクセルマーク株式会社,有価証券報告書－第22期(平成25年10月1日－平成26年9月30日),0,1
361,2014-12-17,S1003OS1,E05292,23090,シミックホールディングス株式会社,有価証券報告書－第30期(平成25年10月1日－平成26年9月30日),0,1
362,2014-12-17,S1003ODG,E21391,32640,株式会社アスコット,有価証券報告書－第16期(平成25年10月1日－平成26年9月30日),0,1
363,2014-12-18,S1003OXS,E02762,99410,太洋物産株式会社,有価証券報告書－第74期(平成25年10月1日－平成26年9月30日),0,1
364,2014-12-18,S1003OR8,E04683,,株式会社明智ゴルフ倶楽部,有価証券報告書－第38期(平成25年10月1日－平成26年9月30日),0,1
365,2014-12-18,S1003OU3,E05181,94460,株式会社サカイホールディングス,有価証券報告書－第24期(平成25年10月1日－平成26年9月30日),0,1
366,2014-12-18,S1003N9B,E05759,,ウエストパック・バンキング・コーポレーション,有価証券報告書,0,0
367,2014-12-18,S1003ORM,E05538,,株式会社エイティング,有価証券報告書－第22期(平成25年10月1日－平成26年9月30日),0,1
368,2014-12-18,S1003OTV,E02449,78690,日本フォームサービス株式会社,有価証券報告書－第58期(平成25年10月1日－平成26年9月30日),0,1
369,2014-12-18,S1003OU7,E01568,63160,株式会社丸山製作所,有価証券報告書－第79期(平成25年10月1日－平成26年9月30日),0,1
370,2014-12-18,S1003OKG,E03343,76460,株式会社ＰＬＡＮＴ,有価証券報告書－第33期(平成25年9月21日－平成26年9月20日),0,1
371,2014-12-18,S1003OQM,E23492,36360,株式会社三菱総合研究所,有価証券報告書－第45期(平成25年10月1日－平成26年9月30日),0,1
372,2014-12-18,S1003OOX,E04275,92330,アジア航測株式会社,有価証券報告書－第67期(平成25年10月1日－平成26年9月30日),0,1
373,2014-12-18,S1003ORL,E25786,,株式会社イーピーミント,有価証券報告書－第15期(平成25年10月1日－平成26年9月30日),0,1
374,2014-12-18,S1003P2C,E05351,23700,株式会社メディネット,有価証券報告書－第19期(平成25年10月1日－平成26年9月30日),0,1
375,2014-12-18,S1003P0F,E05520,,株式会社夢テクノロジー,有価証券報告書－第26期(平成25年10月1日－平成26年9月30日),0,1
376,2014-12-18,S1003ODO,E02548,31760,三洋貿易株式会社,有価証券報告書－第68期(平成25年10月1日－平成26年9月30日),0,1
377,2014-12-18,S1003NP2,E04072,32450,株式会社ディア・ライフ,有価証券報告書－第10期(平成25年10月1日－平成26年9月30日),0,1
378,2014-12-18,S1003NVX,E09895,,株式会社ユアーズ,有価証券報告書－第36期(平成25年9月21日－平成26年9月20日),0,1
379,2014-12-18,S1003P3W,E05335,23620,株式会社夢真ホールディングス,有価証券報告書－第36期(平成25年10月1日－平成26年9月30日),0,1
380,2014-12-18,S1003PC2,E04644,,内海観光開発株式会社,有価証券報告書－第55期(平成25年10月1日－平成26年9月30日),0,1
381,2014-12-19,S1003P7H,E02865,75390,株式会社アイナボホールディングス,有価証券報告書－第60期(平成25年10月1日－平成26年9月30日),0,1
382,2014-12-19,S1003ORB,E03155,,株式会社　マルキョウ,有価証券報告書－第50期(平成25年10月1日－平成26年9月30日),0,1
383,2014-12-19,S1003PDA,E00515,29260,株式会社　篠崎屋,有価証券報告書－第28期(平成25年10月1日－平成26年9月30日),0,1
384,2014-12-19,S1003OQL,E02810,74460,東北化学薬品株式会社,有価証券報告書－第63期(平成25年10月1日－平成26年9月30日),0,1
385,2014-12-19,S1003PH0,E01970,67470,ＫＩホールディングス株式会社,有価証券報告書－第74期(平成25年10月1日－平成26年9月30日),0,1
386,2014-12-19,S1003OXP,E05360,37230,日本ファルコム株式会社,有価証券報告書－第13期(平成25年10月1日－平成26年9月30日),0,1
387,2014-12-19,S1003PHZ,E24634,,日本生命２０１０基金特定目的会社,有価証券報告書（内国資産流動化証券）－第5期(平成25年10月1日－平成26年9月30日),0,1
388,2014-12-19,S1003PA9,E01034,49580,長谷川香料株式会社,有価証券報告書－第53期(平成25年10月1日－平成26年9月30日),0,1
389,2014-12-19,S1003PJ3,E02492,78210,前田工繊株式会社,有価証券報告書－第42期(平成25年9月21日－平成26年9月20日),0,1
390,2014-12-19,S1003PJ6,E25749,,日本生命２０１１基金特定目的会社,有価証券報告書（内国資産流動化証券）－第4期(平成25年10月1日－平成26年9月30日),0,1
391,2014-12-19,S1003PJM,E26754,,日本生命２０１２基金特定目的会社,有価証券報告書（内国資産流動化証券）－第3期(平成25年10月1日－平成26年9月30日),0,1
392,2014-12-19,S1003OD5,E01997,77110,助川電気工業株式会社,有価証券報告書－第77期(平成25年10月1日－平成26年9月30日),0,1
393,2014-12-19,S1003OAM,E00399,,ジャパン・フード＆リカー・アライアンス株式会社,有価証券報告書－第78期(平成25年10月1日－平成26年9月30日),0,1
394,2014-12-19,S1003OQI,E03264,75050,扶桑電通株式会社,有価証券報告書－第69期(平成25年10月1日－平成26年9月30日),0,1
395,2014-12-19,S1003PB1,E00975,45540,富士製薬工業株式会社,有価証券報告書－第50期(平成25年10月1日－平成26年9月30日),0,1
396,2014-12-19,S1003PJC,E30648,60940,株式会社フリークアウト・ホールディングス,有価証券報告書－第4期(平成25年10月1日－平成26年9月30日),0,1
397,2014-12-19,S1003O1P,E05414,48090,パラカ株式会社,有価証券報告書－第18期(平成25年10月1日－平成26年9月30日),0,1
398,2014-12-19,S1003P8F,E03173,98230,株式会社マミーマート,有価証券報告書－第49期(平成25年10月1日－平成26年9月30日),0,1
399,2014-12-19,S1003NY3,E02327,,株式会社モリテックス,有価証券報告書－第43期(平成25年10月1日－平成26年9月30日),0,1
400,2014-12-19,S1003OFN,E05196,42820,ＥＰＳホールディングス株式会社,有価証券報告書－第24期(平成25年10月1日－平成26年9月30日),0,1
401,2014-12-19,S1003PE9,E04038,89440,株式会社ランドビジネス,有価証券報告書－第30期(平成25年10月1日－平成26年9月30日),0,1
402,2014-12-19,S1003JO3,E00258,17890,株式会社ＥＴＳホールディングス,有価証券報告書－第99期(平成25年10月1日－平成26年9月30日),0,1
403,2014-12-19,S1003ONE,E01955,69650,浜松ホトニクス株式会社,有価証券報告書－第67期(平成25年10月1日－平成26年9月30日),0,1
404,2014-12-19,S1003PEU,E06004,,ニュー・ジーランド（Ｈｅｒ　Ｍａｊｅｓｔｙ　ｔｈｅ　Ｑｕｅｅｎ　ｉｎ　ｒｉｇｈｔ　ｏｆ　Ｎｅｗ　Ｚｅａｌａｎｄ）,有価証券報告書,0,0
405,2014-12-19,S1003PMG,E24576,31650,株式会社フーマイスターエレクトロニクス,有価証券報告書－第27期(平成25年10月1日－平成26年9月30日),0,1
406,2014-12-19,S1003PDO,E05340,37120,株式会社　情報企画,有価証券報告書－第28期(平成25年10月1日－平成26年9月30日),0,1
407,2014-12-19,S1003ORE,E00707,94700,株式会社学研ホールディングス,有価証券報告書－第69期(平成25年10月1日－平成26年9月30日),0,1
408,2014-12-19,S1003OSO,E01716,64660,東亜バルブエンジニアリング株式会社,有価証券報告書－第15期(平成25年10月1日－平成26年9月30日),0,1
409,2014-12-19,S1003P3I,E02586,,株式会社ヤナセ,有価証券報告書－第142期(平成25年10月1日－平成26年9月30日),0,1
410,2014-12-19,S1003PNA,E05585,24850,株式会社ティア,有価証券報告書－第18期(平成25年10月1日－平成26年9月30日),0,1
411,2014-12-19,S1003OD4,E04729,,株式会社小原カントリークラブ,有価証券報告書－第12期(平成25年10月1日－平成26年9月30日),0,1
412,2014-12-19,S1003O3V,E00276,17710,日本乾溜工業株式会社,有価証券報告書－第77期(平成25年10月1日－平成26年9月30日),0,1
413,2014-12-19,S1003P5G,E02799,,株式会社ダルトン,有価証券報告書－第69期(平成25年10月1日－平成26年9月30日),0,1
414,2014-12-19,S1003P8C,E30022,60800,Ｍ＆Ａキャピタルパートナーズ株式会社,有価証券報告書－第9期(平成25年10月1日－平成26年9月30日),0,1
415,2014-12-19,S1003P95,E04691,96790,ホウライ株式会社,有価証券報告書－第131期(平成25年10月1日－平成26年9月30日),0,1
416,2014-12-19,S1003P6Y,E05233,43200,株式会社ＣＥホールディングス,有価証券報告書－第19期(平成25年10月1日－平成26年9月30日),0,1
417,2014-12-19,S1003PAO,E22007,36880,株式会社ＣＡＲＴＡ　ＨＯＬＤＩＮＧＳ,有価証券報告書－第16期(平成25年10月1日－平成26年9月30日),0,1
418,2014-12-19,S1003PM6,E05206,42930,株式会社セプテーニ・ホールディングス,有価証券報告書－第24期(平成25年10月1日－平成26年9月30日),0,1
419,2014-12-19,S1003OHI,E22042,21850,株式会社シイエム・シイ,有価証券報告書－第53期(平成25年10月1日－平成26年9月30日),0,1
420,2014-12-19,S1003JXC,E05646,24980,株式会社オリエンタルコンサルタンツホールディングス,有価証券報告書－第9期(平成25年10月1日－平成26年9月30日),0,1
421,2014-12-19,S1003POV,E30772,,マルホ株式会社,有価証券報告書－第65期(平成25年10月1日－平成26年9月30日),0,1
422,2014-12-19,S1003LTP,E02346,66770,株式会社エスケーエレクトロニクス,有価証券報告書－第13期(平成25年10月1日－平成26年9月30日),0,1
423,2014-12-19,S1003PAB,E05424,37470,株式会社インタートレード,有価証券報告書－第16期(平成25年10月1日－平成26年9月30日),0,1
424,2014-12-19,S1003M2M,E05336,37100,ジョルダン株式会社,有価証券報告書－第35期(平成25年10月1日－平成26年9月30日),0,1
425,2014-12-19,S1003PPA,E21649,57240,株式会社アサカ理研,有価証券報告書－第47期(平成25年10月1日－平成26年9月30日),0,1
426,2014-12-19,S1003OZH,E27054,29310,株式会社ユーグレナ,有価証券報告書－第10期(平成25年10月1日－平成26年9月30日),0,1
427,2014-12-19,S1003PSQ,E02971,33230,レカム株式会社,有価証券報告書－第21期(平成25年10月1日－平成26年9月30日),0,1
428,2014-12-22,S1003OJH,E00495,29170,株式会社大森屋,有価証券報告書－第61期(平成25年10月1日－平成26年9月30日),0,1
429,2014-12-22,S1003PL3,E02719,98690,加藤産業株式会社,有価証券報告書－第68期(平成25年10月1日－平成26年9月30日),0,1
430,2014-12-22,S1003PJR,E02672,81510,株式会社東陽テクニカ,有価証券報告書－第62期(平成25年10月1日－平成26年9月30日),0,1
431,2014-12-22,S1003P5O,E02352,77600,ＩＭＶ株式会社,有価証券報告書－第68期(平成25年10月1日－平成26年9月30日),0,1
432,2014-12-22,S1003PRG,E02470,78390,株式会社ＳＨＯＥＩ,有価証券報告書－第58期(平成25年10月1日－平成26年9月30日),0,1
433,2014-12-22,S1003PJN,E05476,37690,ＧＭＯペイメントゲートウェイ株式会社,有価証券報告書－第21期(平成25年10月1日－平成26年9月30日),0,1
434,2014-12-22,S1003PDC,E05101,47690,株式会社インフォメーションクリエーティブ,有価証券報告書－第37期(平成25年10月1日－平成26年9月30日),0,1
435,2014-12-22,S1003PXV,E03928,,ＫＯＮＯＩＫＥ　Ｃｏ．株式会社,有価証券報告書－第11期(平成25年10月1日－平成26年9月30日),0,1
436,2014-12-22,S1003PL4,E06041,,輸出金融保険公社,有価証券報告書,0,0
437,2014-12-22,S1003OC5,E01037,40330,日東エフシー株式会社,有価証券報告書－第63期(平成25年10月1日－平成26年9月30日),0,1
438,2014-12-22,S1003P9C,E20810,,株式会社秋津原,有価証券報告書－第7期(平成25年10月1日－平成26年9月30日),0,1
439,2014-12-22,S1003PRE,E04900,96240,株式会社長大,有価証券報告書－第47期(平成25年10月1日－平成26年9月30日),0,1
440,2014-12-22,S1003OUB,E04848,96990,西尾レントオール株式会社,有価証券報告書－第56期(平成25年10月1日－平成26年9月30日),0,1
441,2014-12-22,S1003PEZ,E27280,36720,株式会社オルトプラス,有価証券報告書,0,1
442,2014-12-22,S1003PUS,E04186,,九州産業交通ホールディングス株式会社,有価証券報告書－第100期(平成25年10月1日－平成26年9月30日),0,1
443,2014-12-22,S1003PIE,E00254,17950,株式会社マサル,有価証券報告書－第59期(平成26年4月1日－平成26年9月30日),0,1
444,2014-12-22,S1003PVT,E04684,,株式会社笠間ゴルフクラブ,有価証券報告書－第42期(平成25年10月1日－平成26年9月30日),0,1
445,2014-12-22,S1003Q0Y,E02040,68770,ＯＢＡＲＡ　ＧＲＯＵＰ株式会社,有価証券報告書－第56期(平成25年10月1日－平成26年9月30日),0,1
446,2014-12-22,S1003Q1L,E27062,36680,株式会社コロプラ,有価証券報告書－第6期(平成25年10月1日－平成26年9月30日),0,1
447,2014-12-22,S1003Q1N,E05174,88890,ＡＰＡＭＡＮ株式会社,有価証券報告書－第15期(平成25年10月1日－平成26年9月30日),0,1
448,2014-12-22,S1003PKE,E06022,,ビクトリア州財務公社,有価証券報告書,0,0
449,2014-12-22,S1003PVJ,E02075,67310,株式会社ピクセラ,有価証券報告書－第33期(平成25年10月1日－平成26年9月30日),0,1
450,2014-12-22,S1003Q12,E05268,43460,株式会社ネクシィーズグループ,有価証券報告書－第25期(平成25年10月1日－平成26年9月30日),0,1
451,2014-12-22,S1003Q2W,E00937,49970,日本農薬株式会社,有価証券報告書－第115期(平成25年10月1日－平成26年9月30日),0,1
452,2014-12-22,S1003Q3A,E05623,21220,株式会社インタースペース,有価証券報告書－第15期(平成25年10月1日－平成26年9月30日),0,1
453,2014-12-22,S1003PQ0,E01682,62840,日精エー・エス・ビー機械株式会社,有価証券報告書－第36期(平成25年10月1日－平成26年9月30日),0,1
454,2014-12-22,S1003P75,E27043,60870,株式会社アビスト,有価証券報告書－第9期(平成25年10月1日－平成26年9月30日),0,1
455,2014-12-22,S1003PTQ,E02576,28740,横浜冷凍株式会社,有価証券報告書－第67期(平成25年10月1日－平成26年9月30日),0,1
456,2014-12-22,S1003PWB,E01381,59210,川岸工業株式会社,有価証券報告書－第68期(平成25年10月1日－平成26年9月30日),0,1
457,2014-12-22,S1003PJS,E30698,36890,株式会社イグニス,有価証券報告書－第5期(平成25年10月1日－平成26年9月30日),0,1
458,2014-12-22,S1003PVP,E05049,94380,株式会社エムティーアイ,有価証券報告書－第19期(平成25年10月1日－平成26年9月30日),0,1
459,2014-12-22,S1003PF8,E01715,63380,株式会社タカトリ,有価証券報告書－第58期(平成25年10月1日－平成26年9月30日),0,1
460,2014-12-22,S1003Q4O,E24917,60500,イー・ガーディアン株式会社,有価証券報告書－第17期(平成25年10月1日－平成26年9月30日),0,1
461,2014-12-22,S1003PRI,E02030,68710,株式会社日本マイクロニクス,有価証券報告書－第44期(平成25年10月1日－平成26年9月30日),0,1
462,2014-12-22,S1003PLA,E06025,,ニュー・サウス・ウェールズ財務公社,有価証券報告書,0,0
463,2014-12-22,S1003Q6P,E05280,87980,株式会社アドバンスクリエイト,有価証券報告書－第19期(平成25年10月1日－平成26年9月30日),0,1
464,2014-12-22,S1003PTD,E05620,,株式会社アイレップ,有価証券報告書－第17期(平成25年10月1日－平成26年9月30日),0,1
465,2014-12-22,S1003Q6Z,E05288,23040,株式会社ＣＳＳホールディングス,有価証券報告書－第30期(平成25年10月1日－平成26年9月30日),0,1
466,2014-12-22,S1003Q7J,E27394,36740,株式会社オークファン,有価証券報告書－第8期(平成25年10月1日－平成26年9月30日),0,1
467,2014-12-22,S1003PUM,E05395,37260,株式会社フォーシーズホールディングス,有価証券報告書－第12期(平成25年10月1日－平成26年9月30日),0,1
468,2014-12-22,S1003Q8G,E05419,24100,株式会社キャリアデザインセンター,有価証券報告書－第23期(平成25年10月1日－平成26年9月30日),0,1
469,2014-12-22,S1003P6H,E02982,33590,株式会社　タイセイ,有価証券報告書－第16期(平成25年10月1日－平成26年9月30日),0,1
470,2014-12-22,S1003Q3D,E23671,,アクセンチュア・パブリック・リミテッド・カンパニー,外国会社報告書,0,0
471,2014-12-22,S1003PXI,E24651,71480,株式会社ＦＰＧ,有価証券報告書－第13期(平成25年10月1日－平成26年9月30日),0,1
472,2014-12-24,S1003Q99,E00299,17430,コーアツ工業株式会社,有価証券報告書－第56期(平成25年10月1日－平成26年9月30日),0,1
473,2014-12-24,S1003QE6,E04165,,南国交通株式会社,有価証券報告書－第79期(平成25年10月1日－平成26年9月30日),0,1
474,2014-12-24,S1003P9M,E04888,96410,サコス株式会社,有価証券報告書－第48期(平成25年10月1日－平成26年9月30日),0,1
475,2014-12-24,S1003Q17,E04635,,株式会社花屋敷ゴルフ倶楽部,有価証券報告書－第57期(平成25年10月1日－平成26年9月30日),0,1
476,2014-12-24,S1003QBO,E05243,43270,日本エス・エイチ・エル株式会社,有価証券報告書－第28期(平成25年10月1日－平成26年9月30日),0,1
477,2014-12-24,S1003Q4R,E04807,97460,株式会社　ＴＫＣ,有価証券報告書－第48期(平成25年10月1日－平成26年9月30日),0,1
478,2014-12-24,S1003Q3Y,E00268,17800,株式会社　ヤマウラ,有価証券報告書－第55期(平成25年10月1日－平成26年9月30日),0,1
479,2014-12-24,S1003Q9Y,E25842,,フコク生命２０１１基金流動化特定目的会社,有価証券報告書（内国資産流動化証券）－第4期(平成25年10月1日－平成26年9月30日),0,1
480,2014-12-24,S1003QIR,E02494,42430,株式会社ニックス,有価証券報告書－第84期(平成25年10月1日－平成26年9月30日),0,1
481,2014-12-24,S1003QKH,E04365,93760,株式会社ユーラシア旅行社,有価証券報告書－第29期(平成25年10月1日－平成26年9月30日),0,1
482,2014-12-24,S1003Q72,E02922,26670,株式会社イメージワン,有価証券報告書－第31期(平成25年10月1日－平成26年9月30日),0,1
483,2014-12-24,S1003PVF,E02537,,株式会社日教販,有価証券報告書－第66期(平成25年10月1日－平成26年9月30日),0,1
484,2014-12-24,S1003QAJ,E00699,,株式会社東洋経済新報社,有価証券報告書－第123期(平成25年10月1日－平成26年9月30日),0,1
485,2014-12-24,S1003QD8,E30537,36870,株式会社フィックスターズ,有価証券報告書－第13期(平成25年10月1日－平成26年9月30日),0,1
486,2014-12-24,S1003PWI,E05492,87890,フィンテック　グローバル株式会社,有価証券報告書－第20期(平成25年10月1日－平成26年9月30日),0,1
487,2014-12-24,S1003QCP,E30836,36900,株式会社ロックオン,有価証券報告書－第14期(平成25年10月1日－平成26年9月30日),0,1
488,2014-12-25,S1003OKZ,E03732,,株式会社エム・オー・エー基金,有価証券報告書－第13期(平成25年10月1日－平成26年9月30日),0,1
489,2014-12-25,S1003QN9,E02720,,株式会社ハナテン,有価証券報告書－第50期(平成26年4月1日－平成26年9月30日),0,1
490,2014-12-25,S1003Q0G,E03340,76430,株式会社ダイイチ,有価証券報告書－第60期(平成25年10月1日－平成26年9月30日),0,1
491,2014-12-25,S1003QFL,E02468,,株式会社フード・プラネット,有価証券報告書－第30期(平成25年10月1日－平成26年9月30日),0,1
492,2014-12-25,S1003QI6,E04646,,備南観光開発株式会社,有価証券報告書－第54期(平成25年10月1日－平成26年9月30日),0,1
493,2014-12-25,S1003PY0,E04667,,道後観光ゴルフ株式会社,有価証券報告書－第47期(平成25年10月1日－平成26年9月30日),0,1
494,2014-12-25,S1003QBK,E03259,74940,株式会社コナカ,有価証券報告書－第41期(平成25年10月1日－平成26年9月30日),0,1
495,2014-12-25,S1003QBC,E05144,,株式会社ブイシンク,有価証券報告書－第17期(平成25年10月1日－平成26年9月30日),0,1
496,2014-12-25,S1003QR0,E23465,78190,ＳＨＯ－ＢＩ株式会社,有価証券報告書－第66期(平成25年10月1日－平成26年9月30日),0,1
497,2014-12-25,S1003QWO,E04739,,株式会社　明世カントリークラブ,有価証券報告書－第10期(平成25年10月1日－平成26年9月30日),0,1
498,2014-12-25,S1003QWP,E04915,,大黒屋グローバルホールディング株式会社,有価証券報告書－第32期(平成25年10月1日－平成26年9月30日),0,1
499,2014-12-25,S1003QWU,E31019,39000,株式会社クラウドワークス,有価証券報告書－第3期(平成25年10月1日－平成26年9月30日),0,1
500,2014-12-25,S1003ONS,E05817,,マイクロソフトコーポレーション,有価証券報告書,0,0
501,2014-12-25,S1003QNW,E06033,,西オーストラリア州理財公社,有価証券報告書,0,0
502,2014-12-25,S1003QXF,E31029,31980,ＳＦＰホールディングス株式会社,有価証券報告書－第4期(平成25年10月1日－平成26年9月30日),0,1
503,2014-12-25,S1003QJL,E27815,31870,株式会社サンワカンパニー,有価証券報告書－第36期(平成25年10月1日－平成26年9月30日),0,1
504,2014-12-25,S1003QYT,E00350,,東福製粉株式会社,有価証券報告書－第92期(平成25年10月1日－平成26年9月30日),0,1
505,2014-12-25,S1003QJD,E27877,36770,株式会社システム情報,有価証券報告書－第35期(平成25年10月1日－平成26年9月30日),0,1
506,2014-12-25,S1003QSM,E04618,,北陸観光開発株式会社,有価証券報告書－第58期(平成25年10月1日－平成26年9月30日),0,1
507,2014-12-25,S1003R1E,E30856,36910,株式会社リアルワールド,有価証券報告書－第10期(平成25年10月1日－平成26年9月30日),0,1
508,2014-12-25,S1003P8R,E05845,,テルストラ・コーポレーション・リミテッド,有価証券報告書,0,0
509,2014-12-26,S1003R7B,E04648,,呉羽観光株式会社,有価証券報告書－第56期(平成25年10月1日－平成26年9月30日),0,1
510,2014-12-26,S1003QDF,E03485,30670,株式会社東京一番フーズ,有価証券報告書－第16期(平成25年10月1日－平成26年9月30日),0,1
511,2014-12-26,S1003R38,E03314,76040,株式会社　梅の花,有価証券報告書－第35期(平成25年10月1日－平成26年9月30日),0,1
512,2014-12-26,S1003R1K,E27615,31850,夢展望株式会社,有価証券報告書－第17期(平成25年10月1日－平成26年9月30日),0,1
513,2014-12-26,S1003R7Z,E05073,47540,株式会社トスネット,有価証券報告書－第38期(平成25年10月1日－平成26年9月30日),0,1
514,2014-12-26,S1003O20,E05821,17730,ワイ・ティー・エル・コーポレーション・バーハッド,有価証券報告書,0,0
515,2014-12-26,S1003RBS,E02476,78340,マジェスティゴルフ株式会社,有価証券報告書－第15期(平成25年10月1日－平成26年9月30日),0,1
516,2014-12-26,S1003QD0,E05509,24530,ジャパンベストレスキューシステム株式会社,有価証券報告書－第18期(平成25年10月1日－平成26年9月30日),0,1
517,2014-12-26,S1003R88,E00745,23880,株式会社ウェッジホールディングス,有価証券報告書－第13期(平成25年10月1日－平成26年9月30日),0,1
518,2014-12-26,S1003RCH,E30461,,株式会社みんなのウェディング,有価証券報告書－第4期(平成25年10月1日－平成26年9月30日),0,1
519,2014-12-26,S1003QWT,E02796,,株式会社アドバンス,有価証券報告書－第40期(平成25年10月1日－平成26年9月30日),0,1
520,2014-12-26,S1003R4C,E30650,60950,メドピア株式会社,有価証券報告書－第10期(平成25年10月1日－平成26年9月30日),0,1
521,2014-12-26,S1003PTF,E06036,,クイーンズランド州財務公社,有価証券報告書,0,0
522,2014-12-26,S1003R2U,E05421,,株式会社ウェブクルー,有価証券報告書－第15期(平成25年10月1日－平成26年9月30日),0,1
523,2014-12-26,S1003R2L,E27842,32880,株式会社オープンハウス,有価証券報告書－第18期(平成25年10月1日－平成26年9月30日),0,1
524,2014-12-26,S1003RFF,E05633,38140,株式会社アルファクス・フード・システム,有価証券報告書－第21期(平成25年10月1日－平成26年9月30日),0,1
525,2014-12-26,S1003R3P,E03347,26520,株式会社まんだらけ,有価証券報告書－第28期(平成25年10月1日－平成26年9月30日),0,1
526,2014-12-26,S1003RHA,E00263,17830,株式会社アジアゲートホールディングス,有価証券報告書－第69期(平成25年10月1日－平成26年9月30日),0,1
527,2015-01-05,S1003RF8,E02978,33500,株式会社レッド・プラネット・ジャパン,有価証券報告書－第16期(平成25年10月1日－平成26年9月30日),0,1
528,2015-01-06,S1003R2S,E05750,,ナショナル・オーストラリア・バンク・リミテッド,有価証券報告書,0,0
529,2015-01-09,S1003SUL,E25517,,エスエフジェー・キャピタル・リミテッド　（ＳＦＪ　Ｃａｐｉｔａｌ　Ｌｉｍｉｔｅｄ）,有価証券報告書－第8期(平成26年5月22日－平成26年11月21日),0,1
530,2015-01-15,S1003TTN,E02401,79590,株式会社オリバー,有価証券報告書－第48期(平成25年10月21日－平成26年10月20日),0,1
531,2015-01-16,S1003TYM,E05015,47070,株式会社キタック,有価証券報告書－第42期(平成25年10月21日－平成26年10月20日),0,1
532,2015-01-19,S1003U4Q,E03336,76400,株式会社トップカルチャー,有価証券報告書－第30期(平成25年11月1日－平成26年10月31日),0,1
533,2015-01-23,S1003V3K,E00555,,太陽毛絲紡績株式会社,有価証券報告書－第90期(平成25年10月1日－平成26年10月31日),0,1
534,2015-01-23,S1003VCW,E30446,,ヴォルフガング株式会社,有価証券報告書－第2期(平成25年9月25日－平成26年9月24日),0,1
535,2015-01-26,S1003VF4,E04042,,サーラ住宅株式会社,有価証券報告書－第46期(平成25年11月1日－平成26年10月31日),0,1
536,2015-01-26,S1003VE3,E05286,23010,株式会社学情,有価証券報告書－第37期(平成25年11月1日－平成26年10月31日),0,1
537,2015-01-26,S1003V2R,E02204,72790,株式会社ハイレックスコーポレーション,有価証券報告書－第71期(平成25年11月1日－平成26年10月31日),0,1
538,2015-01-26,S1003VHF,E01012,,イハラケミカル工業株式会社,有価証券報告書－第50期(平成25年11月1日－平成26年10月31日),0,1
539,2015-01-26,S1003VHW,E05376,37330,株式会社ソフトウェア・サービス,有価証券報告書－第46期(平成25年11月1日－平成26年10月31日),0,1
540,2015-01-26,S1003VIY,E01053,78560,萩原工業株式会社,有価証券報告書－第52期(平成25年11月1日－平成26年10月31日),0,1
541,2015-01-27,S1003UXZ,E05973,,クアルコム・インコーポレーテッド,外国会社報告書,0,0
542,2015-01-27,S1003VJQ,E04077,32480,株式会社アールエイジ,有価証券報告書－第28期(平成25年11月1日－平成26年10月31日),0,1
543,2015-01-28,S1003VWD,E00915,46270,ナトコ株式会社,有価証券報告書－第68期(平成25年11月1日－平成26年10月31日),0,1
544,2015-01-28,S1003W21,E02232,72650,エイケン工業株式会社,有価証券報告書－第46期(平成25年11月1日－平成26年10月31日),0,1
545,2015-01-28,S1003W42,E04013,89170,ファースト住建株式会社,有価証券報告書－第16期(平成25年11月1日－平成26年10月31日),0,1
546,2015-01-29,S1003VGF,E02376,79830,株式会社ミロク,有価証券報告書－第83期(平成25年11月1日－平成26年10月31日),0,1
547,2015-01-29,S1003W3M,E04654,,株式会社三好ゴルフ倶楽部,有価証券報告書－第55期(平成25年11月1日－平成26年10月31日),0,1
548,2015-01-29,S1003VWP,E04862,96780,株式会社カナモト,有価証券報告書－第50期(平成25年11月1日－平成26年10月31日),0,1
549,2015-01-29,S1003VCJ,E00197,18730,株式会社日本ハウスホールディングス,有価証券報告書－第46期(平成25年11月1日－平成26年10月31日),0,1
550,2015-01-29,S1003W8R,E02392,,株式会社ＴＡＳＡＫＩ,有価証券報告書－第57期(平成25年11月1日－平成26年10月31日),0,1
551,2015-01-29,S1003VUR,E05353,23730,株式会社ケア２１,有価証券報告書－第21期(平成25年11月1日－平成26年10月31日),0,1
552,2015-01-29,S1003W91,E00240,18400,株式会社土屋ホールディングス,有価証券報告書－第39期(平成25年11月1日－平成26年10月31日),0,1
553,2015-01-29,S1003WB1,E00503,28300,アヲハタ株式会社,有価証券報告書－第66期(平成25年11月1日－平成26年10月31日),0,1
554,2015-01-29,S1003W82,E02681,80790,正栄食品工業株式会社,有価証券報告書－第67期(平成25年11月1日－平成26年10月31日),0,1
555,2015-01-29,S1003WCO,E05277,43550,ロングライフホールディング株式会社,有価証券報告書－第29期(平成25年11月1日－平成26年10月31日),0,1
556,2015-01-29,S1003WB9,E21394,,第２回財政融資マスタートラスト特定目的会社,有価証券報告書（内国資産流動化証券）－第7期(平成25年11月1日－平成26年10月31日),0,1
557,2015-01-29,S1003WB4,E15675,,第１回財政融資マスタートラスト特定目的会社,有価証券報告書（内国資産流動化証券）－第7期(平成25年11月1日－平成26年10月31日),0,1
558,2015-01-29,S1003W1X,E24550,21980,アイ・ケイ・ケイ株式会社,有価証券報告書－第19期(平成25年11月1日－平成26年10月31日),0,1
559,2015-01-29,S1003W7C,E05516,38040,株式会社システム　ディ,有価証券報告書－第33期(平成25年11月1日－平成26年10月31日),0,1
560,2015-01-29,S1003VNQ,E04979,46660,パーク二四株式会社（定款上の商号　パーク２４株式会社）,有価証券報告書－第30期(平成25年11月1日－平成26年10月31日),0,1
561,2015-01-29,S1003W24,E25682,36530,株式会社モルフォ,有価証券報告書－第11期(平成25年11月1日－平成26年10月31日),0,1
562,2015-01-29,S1003W8L,E01705,63090,巴工業株式会社,有価証券報告書－第85期(平成25年11月1日－平成26年10月31日),0,1
563,2015-01-29,S1003W7G,E05356,23750,スリープログループ株式会社,有価証券報告書－第38期(平成25年11月1日－平成26年10月31日),0,1
564,2015-01-29,S1003WLI,E02999,30380,株式会社神戸物産,有価証券報告書－第29期(平成25年11月1日－平成26年10月31日),0,1
565,2015-01-30,S1003W65,E01170,52180,株式会社オハラ,有価証券報告書－第106期(平成25年11月1日－平成26年10月31日),0,1
566,2015-01-30,S1003VI9,E03886,,日本土地建物株式会社,有価証券報告書－第73期(平成25年11月1日－平成26年10月31日),0,1
567,2015-01-30,S1003VW0,E00639,78270,株式会社オービス,有価証券報告書－第55期(平成25年11月1日－平成26年10月31日),0,1
568,2015-01-30,S1003WNW,E02742,98240,泉州電業株式会社,有価証券報告書－第65期(平成25年11月1日－平成26年10月31日),0,1
569,2015-01-30,S1003WI7,E25969,13830,ベルグアース株式会社,有価証券報告書－第14期(平成25年11月1日－平成26年10月31日),0,1
570,2015-01-30,S1003VIN,E00828,49960,クミアイ化学工業株式会社,有価証券報告書－第66期(平成25年11月1日－平成26年10月31日),0,1
571,2015-01-30,S1003WGI,E02570,80770,小林産業株式会社,有価証券報告書－第74期(平成25年11月1日－平成26年10月31日),0,1
572,2015-01-30,S1003WNS,E04358,96030,株式会社エイチ・アイ・エス,有価証券報告書－第34期(平成25年11月1日－平成26年10月31日),0,1
573,2015-01-30,S1003WU8,E00748,78310,株式会社ウイルコホールディングス,有価証券報告書－第36期(平成25年11月1日－平成26年10月31日),0,1
574,2015-01-30,S1003WP4,E03315,76050,株式会社　フジ・コーポレーション,有価証券報告書－第42期(平成25年11月1日－平成26年10月31日),0,1
575,2015-01-30,S1003WH4,E03375,26950,株式会社　くらコーポレーション,有価証券報告書－第19期(平成25年11月1日－平成26年10月31日),0,1
576,2015-02-18,S1004542,E03408,27340,株式会社サーラコーポレーション,有価証券報告書－第13期(平成25年12月1日－平成26年11月30日),0,1
577,2015-02-20,S10045CR,E01603,64740,株式会社不二越,有価証券報告書－第132期(平成25年12月1日－平成26年11月30日),0,1
578,2015-02-20,S10045I4,E02395,79650,象印マホービン株式会社,有価証券報告書－第70期(平成25年11月21日－平成26年11月20日),0,1
579,2015-02-20,S1003YDL,E02722,98720,北恵株式会社,有価証券報告書－第56期(平成25年11月21日－平成26年11月20日),0,1
580,2015-02-20,S1003ZS8,E00855,41870,大阪有機化学工業株式会社,有価証券報告書－第68期(平成25年12月1日－平成26年11月30日),0,1
581,2015-02-23,S10045AK,E01377,61360,オーエスジー株式会社,有価証券報告書－第102期(平成25年12月1日－平成26年11月30日),0,1
582,2015-02-23,S10046CM,E15602,,株式会社アボード・ベータ,有価証券報告書（内国資産流動化証券）－第13期(平成25年12月1日－平成26年11月30日),0,1
583,2015-02-24,S10046F5,E05887,,ＨＰ　インク,外国会社報告書,0,0
584,2015-02-24,S10046KN,E00636,78790,株式会社ノダ,有価証券報告書－第77期(平成25年12月1日－平成26年11月30日),0,1
585,2015-02-24,S10046GC,E01370,59420,日本フイルコン株式会社,有価証券報告書－第115期(平成25年12月1日－平成26年11月30日),0,1
586,2015-02-25,S100469F,E04213,93690,株式会社キユーソー流通システム,有価証券報告書－第49期(平成25年12月1日－平成26年11月30日),0,1
587,2015-02-25,S10046HT,E01009,49950,サンケイ化学株式会社,有価証券報告書－第90期(平成25年12月1日－平成26年11月30日),0,1
588,2015-02-25,S10046TG,E01524,62170,津田駒工業株式会社,有価証券報告書－第104期(平成25年12月1日－平成26年11月30日),0,1
589,2015-02-25,S10046TN,E02891,75940,マルカキカイ株式会社,有価証券報告書－第68期(平成25年12月1日－平成26年11月30日),0,1
590,2015-02-25,S10046TK,E00698,,株式会社神戸新聞社,有価証券報告書－第106期(平成25年12月1日－平成26年11月30日),0,1
591,2015-02-25,S10046JN,E00552,32010,日本毛織株式会社,有価証券報告書－第184期(平成25年12月1日－平成26年11月30日),0,1
592,2015-02-25,S10046YE,E27693,31860,株式会社ネクステージ,有価証券報告書－第16期(平成25年12月1日－平成26年11月30日),0,1
593,2015-02-25,S100462K,E05702,66340,株式会社ネクスグループ,有価証券報告書－第31期(平成25年12月1日－平成26年11月30日),0,1
594,2015-02-25,S1004702,E00896,46160,川上塗料株式会社,有価証券報告書－第100期(平成25年12月1日－平成26年11月30日),0,1
595,2015-02-26,S10046XD,E31256,39070,シリコンスタジオ株式会社,有価証券報告書－第16期(平成25年12月1日－平成26年11月30日),0,1
596,2015-02-26,S10046VV,E05851,,アプライド　マテリアルズ　インク,外国会社報告書,0,0
597,2015-02-26,S10046SS,E04733,,大松産業株式会社,有価証券報告書－第55期(平成25年12月1日－平成26年11月30日),0,1
598,2015-02-26,S10046KK,E01918,,日電工業株式会社,有価証券報告書－第67期(平成25年12月1日－平成26年11月30日),0,1
599,2015-02-26,S100471L,E02702,98360,リーバイ・ストラウス　ジャパン株式会社,有価証券報告書－第33期(平成25年12月1日－平成26年11月30日),0,1
600,2015-02-26,S10046U6,E04296,93130,丸八倉庫株式会社,有価証券報告書－第119期(平成25年12月1日－平成26年11月30日),0,1
601,2015-02-26,S100458Q,E01505,62780,ユニオンツール株式会社,有価証券報告書－第54期(平成25年12月1日－平成26年11月30日),0,1
602,2015-02-26,S10046V7,E04566,97200,株式会社ホテル、ニューグランド,有価証券報告書－第137期(平成25年12月1日－平成26年11月30日),0,1
603,2015-02-26,S100462W,E02372,79970,株式会社くろがね工作所,有価証券報告書－第95期(平成25年12月1日－平成26年11月30日),0,1
604,2015-02-26,S10046EQ,E02848,75010,株式会社ティムコ,有価証券報告書－第45期(平成25年12月1日－平成26年11月30日),0,1
605,2015-02-26,S1004796,E02774,99720,アルテック株式会社,有価証券報告書－第39期(平成25年12月1日－平成26年11月30日),0,1
606,2015-02-26,S10046ZD,E02988,33770,株式会社バイク王＆カンパニー,有価証券報告書－第17期(平成25年12月1日－平成26年11月30日),0,1
607,2015-02-26,S10046MO,E05966,,アナログ・デバイセズ・インク,外国会社報告書,0,0
608,2015-02-26,S10047BB,E05628,32300,スター・マイカ株式会社,有価証券報告書－第14期(平成25年12月1日－平成26年11月30日),0,1
609,2015-02-26,S10046ZW,E04884,96470,株式会社協和コンサルタンツ,有価証券報告書－第54期(平成25年12月1日－平成26年11月30日),0,1
610,2015-02-26,S10047C6,E01006,43610,川口化学工業株式会社,有価証券報告書－第113期(平成25年12月1日－平成26年11月30日),0,1
611,2015-02-26,S10046F9,E02181,69850,株式会社ユーシン,有価証券報告書－第113期(平成25年12月1日－平成26年11月30日),0,1
612,2015-02-26,S10046PG,E01001,49920,北興化学工業株式会社,有価証券報告書－第65期(平成25年12月1日－平成26年11月30日),0,1
613,2015-02-26,S10047CO,E03007,30890,テクノアルファ株式会社,有価証券報告書－第25期(平成25年12月1日－平成26年11月30日),0,1
614,2015-02-26,S10046UI,E02585,80950,イワキ株式会社,有価証券報告書－第75期(平成25年12月1日－平成26年11月30日),0,1
615,2015-02-26,S10046XN,E22612,32660,株式会社ファンドクリエーショングループ,有価証券報告書－第6期(平成25年12月1日－平成26年11月30日),0,1
616,2015-02-26,S10047EF,E03377,26980,株式会社キャンドゥ,有価証券報告書－第21期(平成25年12月1日－平成26年11月30日),0,1
617,2015-02-26,S1004719,E02095,66640,株式会社オプトエレクトロニクス,有価証券報告書－第39期(平成25年12月1日－平成26年11月30日),0,1
618,2015-02-27,S10047BO,E05652,,株式会社Ｔ＆Ｃメディカルサイエンス,有価証券報告書－第14期(平成25年12月1日－平成26年11月30日),0,1
619,2015-02-27,S10047JY,E05611,24930,イーサポートリンク株式会社,有価証券報告書－第17期(平成25年12月1日－平成26年11月30日),0,1
620,2015-02-27,S10046RE,E02233,72270,アスカ株式会社,有価証券報告書－第61期(平成25年12月1日－平成26年11月30日),0,1
621,2015-02-27,S10047JS,E01609,64920,岡野バルブ製造株式会社,有価証券報告書－第115期(平成25年12月1日－平成26年11月30日),0,1
622,2015-02-27,S10047M8,E04021,89230,トーセイ株式会社,有価証券報告書－第65期(平成25年12月1日－平成26年11月30日),0,1
623,2015-02-27,S10047CZ,E01176,53410,アサヒ衛陶株式会社,有価証券報告書－第64期(平成25年12月1日－平成26年11月30日),0,1
624,2015-02-27,S10047HT,E01999,68660,日置電機株式会社,有価証券報告書－第63期(平成26年1月1日－平成26年12月31日),0,1
625,2015-02-27,S10047EO,E05555,24710,株式会社エスプール,有価証券報告書－第15期(平成25年12月1日－平成26年11月30日),0,1
626,2015-02-27,S10047LS,E04987,46730,川崎地質株式会社,有価証券報告書－第64期(平成25年12月1日－平成26年11月30日),0,1
627,2015-02-27,S10047KJ,E05874,,アジレント・テクノロジーズ・インク,外国会社報告書,0,0
628,2015-02-27,S10047Q9,E02703,98370,モリト株式会社,有価証券報告書－第77期(平成25年12月1日－平成26年11月30日),0,1
629,2015-02-27,S10047QH,E01375,,株式会社山本製作所,有価証券報告書－第70期(平成25年12月1日－平成26年11月30日),0,1
630,2015-02-27,S10047RF,E26631,60640,株式会社アクトコール,有価証券報告書－第11期(平成25年12月1日－平成26年11月30日),0,1
631,2015-02-27,S10046S1,E04834,97170,株式会社ジャステック,有価証券報告書－第44期(平成25年12月1日－平成26年11月30日),0,1
632,2015-02-27,S100472U,E27761,60760,株式会社アメイズ,有価証券報告書－第89期(平成25年12月1日－平成26年11月30日),0,1
633,2015-02-27,S10047AM,E01484,61120,株式会社　小島鐵工所,有価証券報告書－第114期(平成25年12月1日－平成26年11月30日),0,1
634,2015-02-27,S10047RX,E05607,34540,ファーストブラザーズ株式会社,有価証券報告書－第11期(平成25年12月1日－平成26年11月30日),0,1
635,2015-02-27,S10047DO,E25043,,シノプシス・インク,外国会社報告書,0,0
636,2015-02-27,S10047SQ,E04074,32440,サムティ株式会社,有価証券報告書－第33期(平成25年12月1日－平成26年11月30日),0,1
637,2015-02-27,S10047T1,E00464,28090,キユーピー株式会社,有価証券報告書－第102期(平成25年12月1日－平成26年11月30日),0,1
638,2015-03-04,S10047UY,E05771,,ビーピー・ピーエルシー,外国会社報告書,0,0
639,2015-03-13,S10049DU,E05416,24080,株式会社ＫＧ情報,有価証券報告書－第35期(平成25年12月21日－平成26年12月20日),0,1
640,2015-03-13,S1004A62,E02306,68580,株式会社小野測器,有価証券報告書－第61期(平成26年1月1日－平成26年12月31日),0,1
641,2015-03-13,S1004AV4,E02396,79630,興研株式会社,有価証券報告書－第52期(平成26年1月1日－平成26年12月31日),0,1
642,2015-03-13,S1004AHO,E00816,41510,協和発酵キリン株式会社,有価証券報告書－第92期(平成26年1月1日－平成26年12月31日),0,1
643,2015-03-16,S1004A4G,E05223,43120,サイバネットシステム株式会社,有価証券報告書－第30期(平成26年1月1日－平成26年12月31日),0,1
644,2015-03-16,S1004ACS,E02794,74220,東邦レマック株式会社,有価証券報告書－第57期(平成25年12月21日－平成26年12月20日),0,1
645,2015-03-17,S100478J,E02701,98300,トラスコ中山株式会社,有価証券報告書－第52期(平成26年4月1日－平成26年12月31日),0,1
646,2015-03-18,S1004BTQ,E03517,30910,株式会社ブロンコビリー,有価証券報告書－第33期(平成26年1月1日－平成26年12月31日),0,1
647,2015-03-18,S1004C32,E01039,49190,株式会社ミルボン,有価証券報告書－第55期(平成25年12月21日－平成26年12月20日),0,1
648,2015-03-19,S1004CD4,E05479,14000,ルーデン・ホールディングス株式会社,有価証券報告書－第15期(平成26年1月1日－平成26年12月31日),0,1
649,2015-03-19,S1004C4X,E02097,66630,太洋工業株式会社,有価証券報告書－第54期(平成25年12月21日－平成26年12月20日),0,1
650,2015-03-19,S1004CHW,E31055,60260,ＧＭＯ　ＴＥＣＨ株式会社,有価証券報告書－第9期(平成26年1月1日－平成26年12月31日),0,1
651,2015-03-19,S1004CEQ,E30857,36950,ＧＭＯリサーチ株式会社,有価証券報告書－第13期(平成26年1月1日－平成26年12月31日),0,1
652,2015-03-19,S1004CEB,E03131,,株式会社ニッセンホールディングス,有価証券報告書－第45期(平成25年12月21日－平成26年12月20日),0,1
653,2015-03-20,S1004CJH,E01659,59460,株式会社長府製作所,有価証券報告書－第61期(平成26年1月1日－平成26年12月31日),0,1
654,2015-03-20,S1004CH1,E03482,30470,株式会社ＴＲＵＣＫ－ＯＮＥ,有価証券報告書－第25期(平成26年1月1日－平成26年12月31日),0,1
655,2015-03-20,S1004C6W,E01350,58190,カナレ電気株式会社,有価証券報告書－第42期(平成26年1月1日－平成26年12月31日),0,1
656,2015-03-20,S1004B6X,E01728,62650,株式会社妙徳,有価証券報告書－第64期(平成26年1月1日－平成26年12月31日),0,1
657,2015-03-20,S1004CRC,E05545,37880,ＧＭＯクラウド株式会社,有価証券報告書－第22期(平成26年1月1日－平成26年12月31日),0,1
658,2015-03-20,S1004C1C,E00474,22680,Ｂ－Ｒ　サーティワン　アイスクリーム株式会社,有価証券報告書－第42期(平成26年1月1日－平成26年12月31日),0,1
659,2015-03-20,S1004CDS,E04048,89960,株式会社ハウスフリーダム,有価証券報告書－第20期(平成26年1月1日－平成26年12月31日),0,1
660,2015-03-20,S1004BMI,E00444,28110,カゴメ株式会社,有価証券報告書－第71期(平成26年4月1日－平成26年12月31日),0,1
661,2015-03-20,S1004CTJ,E05123,47840,ＧＭＯアドパートナーズ株式会社,有価証券報告書－第16期(平成26年1月1日－平成26年12月31日),0,1
662,2015-03-20,S1004CVC,E03896,,株式会社全国旅館会館,有価証券報告書－第48期(平成26年1月1日－平成26年12月31日),0,1
663,2015-03-20,S1004CB1,E00523,30030,ヒューリック株式会社,有価証券報告書－第85期(平成26年1月1日－平成26年12月31日),0,1
664,2015-03-20,S1004CWP,E00492,29140,日本たばこ産業株式会社,有価証券報告書－第30期(平成26年4月1日－平成26年12月31日),0,1
665,2015-03-23,S1004CSU,E01971,68170,スミダコーポレーション株式会社,有価証券報告書－第60期(平成26年1月1日－平成26年12月31日),0,1
666,2015-03-23,S1004CTL,E02082,67220,株式会社エイアンドティー,有価証券報告書－第38期(平成26年1月1日－平成26年12月31日),0,1
667,2015-03-23,S1004CD7,E05512,78330,株式会社アイフィスジャパン,有価証券報告書－第20期(平成26年1月1日－平成26年12月31日),0,1
668,2015-03-23,S1004CBM,E02101,,オプテックス・エフエー株式会社,有価証券報告書－第13期(平成26年1月1日－平成26年12月31日),0,1
669,2015-03-23,S1004CZ0,E05467,24290,株式会社ワールドホールディングス,有価証券報告書－第22期(平成26年1月1日－平成26年12月31日),0,1
670,2015-03-23,S1004D20,E04730,,株式会社サイプレスクラブ,有価証券報告書－第27期(平成26年1月1日－平成26年12月31日),0,1
671,2015-03-23,S1004D1W,E04626,,株式会社武蔵カントリー倶楽部,有価証券報告書－第57期(平成26年1月1日－平成26年12月31日),0,1
672,2015-03-23,S1004CSF,E03196,99420,株式会社ジョイフル,有価証券報告書－第40期(平成26年1月1日－平成26年12月31日),0,1
673,2015-03-23,S1004D1J,E03992,88920,株式会社日本エスコン,有価証券報告書－第20期(平成26年1月1日－平成26年12月31日),0,1
674,2015-03-23,S1004C8H,E04810,97490,富士ソフト株式会社,有価証券報告書－第45期(平成26年1月1日－平成26年12月31日),0,1
675,2015-03-23,S1004D7W,E05474,37650,ガンホー・オンライン・エンターテイメント株式会社,有価証券報告書－第18期(平成26年1月1日－平成26年12月31日),0,1
676,2015-03-23,S1004B51,E01697,62950,富士変速機株式会社,有価証券報告書－第51期(平成26年1月1日－平成26年12月31日),0,1
677,2015-03-23,S1004D8U,E22101,36330,ＧＭＯペパボ株式会社,有価証券報告書－第13期(平成26年1月1日－平成26年12月31日),0,1
678,2015-03-23,S1004CTZ,E04491,,ＫＮＴＶ株式会社,有価証券報告書－第19期(平成26年1月1日－平成26年12月31日),0,1
679,2015-03-24,S1004D9E,E04615,,宮崎ゴルフ株式会社,有価証券報告書－第55期(平成26年1月1日－平成26年12月31日),0,1
680,2015-03-24,S1004DB4,E27900,,株式会社エナリス,有価証券報告書－第11期(平成26年1月1日－平成26年12月31日),0,1
681,2015-03-24,S1004DDD,E05041,94490,ＧＭＯインターネット株式会社,有価証券報告書－第24期(平成26年1月1日－平成26年12月31日),0,1
682,2015-03-24,S1004D38,E05892,,アドビ・インク,外国会社報告書,0,0
683,2015-03-24,S1004DKZ,E04640,,浜名湖観光開発株式会社,有価証券報告書－第55期(平成26年1月1日－平成26年12月31日),0,1
684,2015-03-24,S1004D9H,E03327,76250,株式会社グローバルダイニング,有価証券報告書－第42期(平成26年1月1日－平成26年12月31日),0,1
685,2015-03-24,S1004DDA,E04588,96310,株式会社東急レクリエーション,有価証券報告書－第82期(平成26年1月1日－平成26年12月31日),0,1
686,2015-03-24,S1004DLD,E06014,,タイ王国,有価証券報告書,0,0
687,2015-03-24,S1004CVR,E01185,53950,理研コランダム株式会社,有価証券報告書－第116期(平成26年1月1日－平成26年12月31日),0,1
688,2015-03-24,S1004DMJ,E00834,42210,大倉工業株式会社,有価証券報告書－第95期(平成26年1月1日－平成26年12月31日),0,1
689,2015-03-24,S1004DM2,E30697,49790,ＯＡＴアグリオ株式会社,有価証券報告書－第5期(平成26年1月1日－平成26年12月31日),0,1
690,2015-03-24,S1004D87,E04518,,中部瓦斯株式会社,有価証券報告書－第93期(平成26年1月1日－平成26年12月31日),0,1
691,2015-03-24,S1004CFX,E05088,47720,株式会社ストリームメディアコーポレーション,有価証券報告書－第44期(平成26年1月1日－平成26年12月31日),0,1
692,2015-03-24,S1004DDR,E22024,45760,株式会社デ・ウエスタン・セラピテクス研究所,有価証券報告書－第17期(平成26年1月1日－平成26年12月31日),0,1
693,2015-03-24,S1004DAJ,E01086,51080,株式会社ブリヂストン,有価証券報告書－第96期(平成26年1月1日－平成26年12月31日),0,1
694,2015-03-24,S1004DQK,E00397,25330,オエノンホールディングス株式会社,有価証券報告書－第108期(平成26年1月1日－平成26年12月31日),0,1
695,2015-03-24,S1004DDB,E01073,50080,東亜石油株式会社,有価証券報告書－第142期(平成26年1月1日－平成26年12月31日),0,1
696,2015-03-25,S1004DC7,E00773,,北海道曹達株式会社,有価証券報告書－第70期(平成26年1月1日－平成26年12月31日),0,1
697,2015-03-25,S1004DQT,E05779,,バイエル・アクツィーエンゲゼルシャフト,有価証券報告書,0,0
698,2015-03-25,S1004D8B,E04632,,株式会社小山カントリー倶楽部,有価証券報告書－第57期(平成26年1月1日－平成26年12月31日),0,1
699,2015-03-25,S1004D98,E02877,72280,株式会社デイトナ,有価証券報告書－第43期(平成26年1月1日－平成26年12月31日),0,1
700,2015-03-25,S1004DFT,E02487,,ダンロップスポーツ株式会社,有価証券報告書－第12期(平成26年1月1日－平成26年12月31日),0,1
701,2015-03-25,S1004DKJ,E00417,25790,コカ・コーラボトラーズジャパンホールディングス株式会社,有価証券報告書－第57期(平成26年1月1日－平成26年12月31日),0,1
702,2015-03-25,S1004E0I,E04801,85940,中道リース株式会社,有価証券報告書－第43期(平成26年1月1日－平成26年12月31日),0,1
703,2015-03-25,S1004DQ3,E01041,49630,星光ＰＭＣ株式会社,有価証券報告書－第48期(平成26年1月1日－平成26年12月31日),0,1
704,2015-03-25,S1004E0O,E26082,66190,ダブル・スコープ株式会社,有価証券報告書－第10期(平成26年1月1日－平成26年12月31日),0,1
705,2015-03-25,S1004DA0,E04674,,株式会社小樽ゴルフ場,有価証券報告書－第54期(平成26年1月1日－平成26年12月31日),0,1
706,2015-03-25,S1004E1W,E05733,21740,ＧＣＡ株式会社,有価証券報告書－第7期(平成26年1月1日－平成26年12月31日),0,1
707,2015-03-25,S1004DUT,E05408,24060,株式会社アルテサロンホールディングス,有価証券報告書－第27期(平成26年1月1日－平成26年12月31日),0,1
708,2015-03-25,S1004DII,E02800,50150,ビーピー・カストロール株式会社,有価証券報告書－第38期(平成26年1月1日－平成26年12月31日),0,1
709,2015-03-25,S1004D1Q,E02932,26930,ＹＫＴ株式会社,有価証券報告書－第38期(平成26年1月1日－平成26年12月31日),0,1
710,2015-03-25,S1004DJE,E04816,97550,応用地質株式会社,有価証券報告書－第58期(平成26年1月1日－平成26年12月31日),0,1
711,2015-03-25,S1004DGV,E00934,45510,鳥居薬品株式会社,有価証券報告書－第123期(平成26年4月1日－平成26年12月31日),0,1
712,2015-03-25,S1004DRY,E02371,79720,株式会社イトーキ,有価証券報告書－第65期(平成26年1月1日－平成26年12月31日),0,1
713,2015-03-25,S1004E4H,E05235,43210,ケネディクス株式会社,有価証券報告書－第20期(平成26年1月1日－平成26年12月31日),0,1
714,2015-03-25,S1004C5Z,E02103,34360,株式会社ＳＵＭＣＯ,有価証券報告書－第16期(平成26年1月1日－平成26年12月31日),0,1
715,2015-03-25,S1004D4T,E02120,66330,株式会社Ｃ＆Ｇシステムズ,有価証券報告書－第8期(平成26年1月1日－平成26年12月31日),0,1
716,2015-03-25,S1004DS1,E05625,21240,株式会社ジェイエイシーリクルートメント,有価証券報告書－第28期(平成26年1月1日－平成26年12月31日),0,1
717,2015-03-25,S1004DMY,E23818,31780,チムニー株式会社,有価証券報告書－第7期(平成26年1月1日－平成26年12月31日),0,1
718,2015-03-25,S1004DWB,E04224,23840,ＳＢＳホールディングス株式会社,有価証券報告書－第29期(平成26年1月1日－平成26年12月31日),0,1
719,2015-03-25,S1004E5C,E00883,44520,花王株式会社,有価証券報告書－第109期(平成26年1月1日－平成26年12月31日),0,1
720,2015-03-25,S1004DTK,E23634,21950,アミタホールディングス株式会社,有価証券報告書－第5期(平成26年1月1日－平成26年12月31日),0,1
721,2015-03-25,S1004DG5,E03342,94410,株式会社ベルパーク,有価証券報告書－第22期(平成26年1月1日－平成26年12月31日),0,1
722,2015-03-25,S1004DP0,E02543,,東燃ゼネラル石油株式会社,有価証券報告書－第95期(平成26年1月1日－平成26年12月31日),0,1
723,2015-03-25,S1004BR3,E00987,45720,カルナバイオサイエンス株式会社,有価証券報告書－第12期(平成26年1月1日－平成26年12月31日),0,1
724,2015-03-25,S1004E7E,E04058,,東京建物不動産販売株式会社,有価証券報告書－第81期(平成26年1月1日－平成26年12月31日),0,1
725,2015-03-25,S1004E6C,E03359,26750,株式会社ダイナックホールディングス,有価証券報告書－第71期(平成26年1月1日－平成26年12月31日),0,1
726,2015-03-25,S1004E9I,E22621,21910,テラ株式会社,有価証券報告書－第11期(平成26年1月1日－平成26年12月31日),0,1
727,2015-03-25,S1004DWL,E03478,30530,株式会社ペッパーフードサービス,有価証券報告書－第30期(平成26年1月1日－平成26年12月31日),0,1
728,2015-03-26,S1004DZ7,E05066,47460,株式会社東計電算,有価証券報告書－第45期(平成26年1月1日－平成26年12月31日),0,1
729,2015-03-26,S1004DIG,E30929,60990,株式会社エラン,有価証券報告書－第21期(平成26年1月1日－平成26年12月31日),0,1
730,2015-03-26,S1004DKM,E30998,60290,アトラ株式会社,有価証券報告書－第10期(平成26年1月1日－平成26年12月31日),0,1
731,2015-03-26,S1004DZ6,E04642,,株式会社エムケー,有価証券報告書－第55期(平成26年1月1日－平成26年12月31日),0,1
732,2015-03-26,S1004E5F,E02991,33860,コスモ・バイオ株式会社,有価証券報告書－第32期(平成26年1月1日－平成26年12月31日),0,1
733,2015-03-26,S1004CWZ,E01015,49850,アース製薬株式会社,有価証券報告書－第91期(平成26年1月1日－平成26年12月31日),0,1
734,2015-03-26,S1004EEZ,E04954,46410,株式会社アルプス技研,有価証券報告書－第34期(平成26年1月1日－平成26年12月31日),0,1
735,2015-03-26,S1004EFC,E05726,21690,ＣＤＳ株式会社,有価証券報告書－第35期(平成26年1月1日－平成26年12月31日),0,1
736,2015-03-26,S1004CC0,E25758,,住友生命第４回基金流動化特定目的会社,有価証券報告書（内国資産流動化証券）－第4期(平成26年1月1日－平成26年12月31日),0,1
737,2015-03-26,S1004D6T,E24639,,住友生命第３回基金流動化特定目的会社,有価証券報告書（内国資産流動化証券）－第5期(平成26年1月1日－平成26年12月31日),0,1
738,2015-03-26,S1004E8O,E27047,36670,株式会社ｅｎｉｓｈ,有価証券報告書－第6期(平成26年1月1日－平成26年12月31日),0,1
739,2015-03-26,S1004EFE,E04634,,株式会社相模原ゴルフクラブ,有価証券報告書－第62期(平成26年1月1日－平成26年12月31日),0,1
740,2015-03-26,S1004D8A,E15647,,住友生命劣後債権流動化特定目的会社,有価証券報告書（内国資産流動化証券）－第10期(平成26年1月1日－平成26年12月31日),0,1
741,2015-03-26,S1004CTP,E04721,,株式会社紫雲ゴルフ倶楽部,有価証券報告書－第15期(平成26年1月1日－平成26年12月31日),0,1
742,2015-03-26,S1004EHD,E01205,52160,株式会社倉元製作所,有価証券報告書－第40期(平成26年1月1日－平成26年12月31日),0,1
743,2015-03-26,S1004E3B,E00668,39470,ダイナパック株式会社,有価証券報告書－第53期(平成26年1月1日－平成26年12月31日),0,1
744,2015-03-26,S1004E51,E01714,63280,荏原実業株式会社,有価証券報告書－第76期(平成26年1月1日－平成26年12月31日),0,1
745,2015-03-26,S1004DO0,E00559,33020,帝国繊維株式会社,有価証券報告書－第89期(平成26年1月1日－平成26年12月31日),0,1
746,2015-03-26,S1004CON,E31093,39040,株式会社カヤック,有価証券報告書－第10期(平成26年1月1日－平成26年12月31日),0,1
747,2015-03-26,S1004E63,E04005,89090,株式会社シノケングループ,有価証券報告書－第25期(平成26年1月1日－平成26年12月31日),0,1
748,2015-03-26,S1004EJC,E21740,36300,株式会社電算システム,有価証券報告書－第48期(平成26年1月1日－平成26年12月31日),0,1
749,2015-03-26,S1004D3M,E02301,77390,キヤノン電子株式会社,有価証券報告書－第76期(平成26年1月1日－平成26年12月31日),0,1
750,2015-03-26,S1004CFA,E05282,43560,応用技術株式会社,有価証券報告書－第32期(平成26年1月1日－平成26年12月31日),0,1
751,2015-03-26,S1004CUG,E02402,79570,フジコピアン株式会社,有価証券報告書－第65期(平成26年1月1日－平成26年12月31日),0,1
752,2015-03-26,S1004DRG,E00762,40250,多木化学株式会社,有価証券報告書－第96期(平成26年1月1日－平成26年12月31日),0,1
753,2015-03-26,S1004DFM,E01114,51840,株式会社ニチリン,有価証券報告書－第131期(平成26年1月1日－平成26年12月31日),0,1
754,2015-03-26,S1004DZX,E01965,,ローヤル電機株式会社,有価証券報告書－第61期(平成26年1月1日－平成26年12月31日),0,1
755,2015-03-26,S1004E74,E02062,67690,ザインエレクトロニクス株式会社,有価証券報告書－第23期(平成26年1月1日－平成26年12月31日),0,1
756,2015-03-26,S1004EGD,E02644,80600,キヤノンマーケティングジャパン株式会社,有価証券報告書－第47期(平成26年1月1日－平成26年12月31日),0,1
757,2015-03-26,S1004E8N,E00860,49550,アグロ　カネショウ株式会社,有価証券報告書－第56期(平成26年1月1日－平成26年12月31日),0,1
758,2015-03-26,S1004DCF,E01141,53370,ダントーホールディングス株式会社,有価証券報告書－第187期(平成26年1月1日－平成26年12月31日),0,1
759,2015-03-26,S1004DL0,E04516,95430,静岡ガス株式会社,有価証券報告書－第167期(平成26年1月1日－平成26年12月31日),0,1
760,2015-03-26,S1004CGU,E04603,96720,東京都競馬株式会社,有価証券報告書－第91期(平成26年1月1日－平成26年12月31日),0,1
761,2015-03-26,S1004ECB,E03859,88040,東京建物株式会社,有価証券報告書－第197期(平成26年1月1日－平成26年12月31日),0,1
762,2015-03-26,S1004E2F,E03497,30640,株式会社ＭｏｎｏｔａＲＯ,有価証券報告書－第15期(平成26年1月1日－平成26年12月31日),0,1
763,2015-03-26,S1004EBI,E00196,18990,株式会社福田組,有価証券報告書－第88期(平成26年1月1日－平成26年12月31日),0,1
764,2015-03-26,S1004EK8,E04256,91730,東海汽船株式会社,有価証券報告書－第190期(平成26年1月1日－平成26年12月31日),0,1
765,2015-03-26,S1004E1N,E04560,97220,藤田観光株式会社,有価証券報告書－第82期(平成26年1月1日－平成26年12月31日),0,1
766,2015-03-26,S1004EEB,E00374,22110,株式会社不二家,有価証券報告書－第120期(平成26年1月1日－平成26年12月31日),0,1
767,2015-03-26,S1004CCU,E04984,46690,株式会社ニッパンレンタル,有価証券報告書－第36期(平成26年1月1日－平成26年12月31日),0,1
768,2015-03-26,S1004EQY,E05447,24270,株式会社アウトソーシング,有価証券報告書－第18期(平成26年1月1日－平成26年12月31日),0,1
769,2015-03-26,S1004ERB,E04699,,山陽開発株式会社,有価証券報告書－第58期(平成26年1月1日－平成26年12月31日),0,1
770,2015-03-26,S1004E8S,E05627,30540,株式会社ハイパー,有価証券報告書－第25期(平成26年1月1日－平成26年12月31日),0,1
771,2015-03-26,S1004EJL,E27066,60710,株式会社ＩＢＪ,有価証券報告書－第9期(平成26年1月1日－平成26年12月31日),0,1
772,2015-03-26,S1004EQ9,E30114,36810,株式会社ブイキューブ,有価証券報告書－第15期(平成26年1月1日－平成26年12月31日),0,1
773,2015-03-26,S1004ESB,E26596,36640,株式会社モブキャストホールディングス,有価証券報告書－第11期(平成26年1月1日－平成26年12月31日),0,1
774,2015-03-26,S1004DJM,E00932,45190,中外製薬株式会社,有価証券報告書－第104期(平成26年1月1日－平成26年12月31日),0,1
775,2015-03-26,S1004ES8,E05413,37440,サイオス株式会社,有価証券報告書－第18期(平成26年1月1日－平成26年12月31日),0,1
776,2015-03-26,S1004DL8,E04820,97580,ジャパンシステム株式会社,有価証券報告書－第46期(平成26年1月1日－平成26年12月31日),0,1
777,2015-03-26,S1004ELP,E03435,,Ｒａｋｕｔｅｎ　Ｄｉｒｅｃｔ株式会社,有価証券報告書－第21期(平成26年1月1日－平成26年12月31日),0,1
778,2015-03-26,S1004D1K,E24951,49270,株式会社ポーラ・オルビスホールディングス,有価証券報告書－第9期(平成26年1月1日－平成26年12月31日),0,1
779,2015-03-26,S1004ER7,E26625,60630,日本エマージェンシーアシスタンス株式会社,有価証券報告書－第12期(平成26年1月1日－平成26年12月31日),0,1
780,2015-03-26,S1004EJD,E05033,47220,フューチャー株式会社,有価証券報告書－第26期(平成26年1月1日－平成26年12月31日),0,1
781,2015-03-26,S1004DR1,E03366,27020,日本マクドナルドホールディングス株式会社,有価証券報告書－第44期(平成26年1月1日－平成26年12月31日),0,1
782,2015-03-26,S1004ETB,E22559,,サントリーホールディングス株式会社,有価証券報告書－第6期(平成26年1月1日－平成26年12月31日),0,1
783,2015-03-26,S1004DPW,E01654,64650,ホシザキ株式会社,有価証券報告書－第69期(平成26年1月1日－平成26年12月31日),0,1
784,2015-03-26,S1004ED5,E04244,91760,佐渡汽船株式会社,有価証券報告書－第153期(平成26年1月1日－平成26年12月31日),0,1
785,2015-03-26,S1004EKL,E03101,82020,ラオックス株式会社,有価証券報告書－第39期(平成26年1月1日－平成26年12月31日),0,1
786,2015-03-26,S1004EG5,E05116,47760,サイボウズ株式会社,有価証券報告書－第18期(平成26年1月1日－平成26年12月31日),0,1
787,2015-03-26,S1004E8Z,E01867,68350,アライドテレシスホールディングス株式会社,有価証券報告書－第28期(平成26年1月1日－平成26年12月31日),0,1
788,2015-03-27,S1004DSO,E02462,64000,不二精機株式会社,有価証券報告書－第50期(平成26年1月1日－平成26年12月31日),0,1
789,2015-03-27,S1004F34,E03948,88540,株式会社　日住サービス,有価証券報告書－第39期(平成26年1月1日－平成26年12月31日),0,1
790,2015-03-27,S1004DLC,E01421,59500,日本パワーファスニング株式会社,有価証券報告書－第52期(平成26年1月1日－平成26年12月31日),0,1
791,2015-03-27,S1004EXV,E01961,64590,大和冷機工業株式会社,有価証券報告書－第54期(平成26年1月1日－平成26年12月31日),0,1
792,2015-03-27,S1004ENZ,E04625,,株式会社　名古屋スポーツセンター,有価証券報告書－第62期(平成26年1月1日－平成26年12月31日),0,1
793,2015-03-27,S1004EVV,E02116,66350,株式会社大日光・エンジニアリング,有価証券報告書－第36期(平成26年1月1日－平成26年12月31日),0,1
794,2015-03-27,S1004DZF,E04670,,魚津観光開発株式会社,有価証券報告書－第44期(平成26年1月1日－平成26年12月31日),0,1
795,2015-03-27,S1004ERD,E00315,17180,美樹工業株式会社,有価証券報告書－第53期(平成26年1月1日－平成26年12月31日),0,1
796,2015-03-27,S1004D4K,E03393,23050,株式会社スタジオアリス,有価証券報告書－第41期(平成26年1月1日－平成26年12月31日),0,1
797,2015-03-27,S1004EFW,E01596,64400,ＪＵＫＩ株式会社,有価証券報告書－第100期(平成26年1月1日－平成26年12月31日),0,1
798,2015-03-27,S1004F45,E04903,96210,株式会社建設技術研究所,有価証券報告書－第52期(平成26年1月1日－平成26年12月31日),0,1
799,2015-03-27,S1004E4Z,E00133,18970,金下建設株式会社,有価証券報告書－第64期(平成26年1月1日－平成26年12月31日),0,1
800,2015-03-27,S1004F3O,E27046,32610,株式会社グランディーズ,有価証券報告書－第9期(平成26年1月1日－平成26年12月31日),0,1
801,2015-03-27,S1004ELB,E04663,,株式会社旭川国際ゴルフ場,有価証券報告書－第51期(平成26年1月1日－平成26年12月31日),0,1
802,2015-03-27,S1004EF8,E02257,73090,株式会社シマノ,有価証券報告書－第108期(平成26年1月1日－平成26年12月31日),0,1
803,2015-03-27,S1004EYD,E04783,81790,ロイヤルホールディングス株式会社,有価証券報告書－第66期(平成26年1月1日－平成26年12月31日),0,1
804,2015-03-27,S1004EJS,E05666,,クラウドゲート株式会社,有価証券報告書－第15期(平成26年1月1日－平成26年12月31日),0,1
805,2015-03-27,S1004F5J,E30091,36800,株式会社ホットリンク,有価証券報告書－第16期(平成26年1月1日－平成26年12月31日),0,1
806,2015-03-27,S1004E00,E05533,24610,株式会社ファンコミュニケーションズ,有価証券報告書－第16期(平成26年1月1日－平成26年12月31日),0,1
807,2015-03-27,S1004DBS,E30048,16630,Ｋ＆Ｏエナジーグループ株式会社,有価証券報告書－第1期(平成26年1月1日－平成26年12月31日),0,1
808,2015-03-27,S1004EHJ,E00738,,株式会社日本経済新聞社,有価証券報告書－第143期(平成26年1月1日－平成26年12月31日),0,1
809,2015-03-27,S1004EJT,E21969,49520,株式会社エス・ディー・エス　バイオテック,有価証券報告書－第47期(平成26年1月1日－平成26年12月31日),0,1
810,2015-03-27,S1004F7K,E04628,,株式会社伊香保カントリー倶楽部,有価証券報告書－第57期(平成26年1月1日－平成26年12月31日),0,1
811,2015-03-27,S1004F7G,E01028,41070,伊勢化学工業株式会社,有価証券報告書－第94期(平成26年1月1日－平成26年12月31日),0,1
812,2015-03-27,S1004F4Z,E01223,53100,東洋炭素株式会社,有価証券報告書－第73期(平成26年1月1日－平成26年12月31日),0,1
813,2015-03-27,S1004EZW,E04011,89140,エリアリンク株式会社,有価証券報告書－第20期(平成26年1月1日－平成26年12月31日),0,1
814,2015-03-27,S1004DP2,E01168,,日本研紙株式会社,有価証券報告書－第73期(平成26年1月1日－平成26年12月31日),0,1
815,2015-03-27,S1004EN6,E00169,,株式会社竹中工務店,有価証券報告書－第77期(平成26年1月1日－平成26年12月31日),0,1
816,2015-03-27,S1004DPT,E02168,72720,ヤマハ発動機株式会社,有価証券報告書－第80期(平成26年1月1日－平成26年12月31日),0,1
817,2015-03-27,S1004F44,E04348,97260,ＫＮＴ－ＣＴホールディングス株式会社,有価証券報告書－第77期(平成26年1月1日－平成26年12月31日),0,1
818,2015-03-27,S1004F43,E30126,14290,株式会社日本アクア,有価証券報告書－第11期(平成26年1月1日－平成26年12月31日),0,1
819,2015-03-27,S1004DKI,E31023,39010,マークラインズ株式会社,有価証券報告書－第14期(平成26年1月1日－平成26年12月31日),0,1
820,2015-03-27,S1004EOC,E00708,39480,光ビジネスフォーム株式会社,有価証券報告書－第47期(平成26年1月1日－平成26年12月31日),0,1
821,2015-03-27,S1004EXX,E27311,,株式会社オウチーノ,有価証券報告書－第12期(平成26年1月1日－平成26年12月31日),0,1
822,2015-03-27,S1004ENC,E15692,,ビザ・インク（Ｖｉｓａ　Ｉｎｃ．）,有価証券報告書,0,0
823,2015-03-27,S1004DSE,E02366,79760,三菱鉛筆株式会社,有価証券報告書－第140期(平成26年1月1日－平成26年12月31日),0,1
824,2015-03-27,S1004EWV,E01692,61490,株式会社小田原エンジニアリング,有価証券報告書－第36期(平成26年1月1日－平成26年12月31日),0,1
825,2015-03-27,S1004EZY,E02104,37820,株式会社ディー・ディー・エス,有価証券報告書－第20期(平成26年1月1日－平成26年12月31日),0,1
826,2015-03-27,S1004EWD,E00394,25020,アサヒグループホールディングス株式会社,有価証券報告書－第91期(平成26年1月1日－平成26年12月31日),0,1
827,2015-03-27,S1004EQQ,E02564,80900,昭光通商株式会社,有価証券報告書－第95期(平成26年1月1日－平成26年12月31日),0,1
828,2015-03-27,S1004EZL,E01110,51100,住友ゴム工業株式会社,有価証券報告書－第123期(平成26年1月1日－平成26年12月31日),0,1
829,2015-03-27,S1004D11,E00351,20090,鳥越製粉株式会社,有価証券報告書－第80期(平成26年1月1日－平成26年12月31日),0,1
830,2015-03-27,S1004ECL,E05411,24180,株式会社ツカダ・グローバルホールディング,有価証券報告書－第20期(平成26年1月1日－平成26年12月31日),0,1
831,2015-03-27,S1004EKY,E05275,43510,株式会社山田債権回収管理総合事務所,有価証券報告書－第34期(平成26年1月1日－平成26年12月31日),0,1
832,2015-03-27,S1004F9C,E05764,,ネクストエラ・エネルギー・インク,外国会社報告書,0,0
833,2015-03-27,S1004E76,E02963,27880,アップルインターナショナル株式会社,有価証券報告書－第20期(平成26年1月1日－平成26年12月31日),0,1
834,2015-03-27,S1004FA5,E05308,23300,株式会社フォーサイド,有価証券報告書－第15期(平成26年1月1日－平成26年12月31日),0,1
835,2015-03-27,S1004ENR,E05684,21500,株式会社ケアネット,有価証券報告書－第20期(平成26年4月1日－平成26年12月31日),0,1
836,2015-03-27,S1004EQD,E01725,62690,三井海洋開発株式会社,有価証券報告書－第29期(平成26年1月1日－平成26年12月31日),0,1
837,2015-03-27,S1004E0C,E00881,44040,ミヨシ油脂株式会社,有価証券報告書－第89期(平成26年1月1日－平成26年12月31日),0,1
838,2015-03-27,S1004DOZ,E01988,69290,日本セラミック株式会社,有価証券報告書－第40期(平成26年1月1日－平成26年12月31日),0,1
839,2015-03-27,S1004F9B,E04914,96120,株式会社ラックランド,有価証券報告書－第45期(平成26年1月1日－平成26年12月31日),0,1
840,2015-03-27,S1004EX4,E25269,45790,ラクオリア創薬株式会社,有価証券報告書－第7期(平成26年1月1日－平成26年12月31日),0,1
841,2015-03-27,S1004EJJ,E00377,22150,第一屋製パン株式会社,有価証券報告書－第73期(平成26年1月1日－平成26年12月31日),0,1
842,2015-03-27,S1004EQ0,E04846,97020,株式会社アイ・エス・ビー,有価証券報告書－第45期(平成26年1月1日－平成26年12月31日),0,1
843,2015-03-27,S1004EMF,E30649,32990,株式会社ムゲンエステート,有価証券報告書－第25期(平成26年1月1日－平成26年12月31日),0,1
844,2015-03-27,S1004ENF,E05115,47790,ソフトブレーン株式会社,有価証券報告書－第23期(平成26年1月1日－平成26年12月31日),0,1
845,2015-03-27,S1004F6Z,E02308,77400,株式会社タムロン,有価証券報告書－第68期(平成26年1月1日－平成26年12月31日),0,1
846,2015-03-27,S1004FA9,E04055,88850,株式会社ラ・アトレ,有価証券報告書－第25期(平成26年1月1日－平成26年12月31日),0,1
847,2015-03-27,S1004FB6,E27361,36730,株式会社ブロードリーフ,有価証券報告書－第6期(平成26年1月1日－平成26年12月31日),0,1
848,2015-03-27,S10049PD,E02979,33550,クリヤマホールディングス株式会社,有価証券報告書－第75期(平成26年1月1日－平成26年12月31日),0,1
849,2015-03-27,S1004EUU,E00901,46310,ＤＩＣ株式会社,有価証券報告書－第117期(平成26年1月1日－平成26年12月31日),0,1
850,2015-03-27,S1004EOX,E02421,62910,日本エアーテック株式会社,有価証券報告書－第42期(平成26年1月1日－平成26年12月31日),0,1
851,2015-03-27,S1004ESR,E02934,27000,木徳神糧株式会社,有価証券報告書－第67期(平成26年1月1日－平成26年12月31日),0,1
852,2015-03-27,S1004EP3,E01122,52010,ＡＧＣ株式会社,有価証券報告書－第90期(平成26年1月1日－平成26年12月31日),0,1
853,2015-03-27,S1004ES4,E05348,37190,株式会社ジェクシード,有価証券報告書－第51期(平成26年1月1日－平成26年12月31日),0,1
854,2015-03-27,S1004EIZ,E00876,34050,株式会社クラレ,有価証券報告書－第134期(平成26年4月1日－平成26年12月31日),0,1
855,2015-03-27,S1004EKI,E05741,36230,ビリングシステム株式会社,有価証券報告書－第15期(平成26年1月1日－平成26年12月31日),0,1
856,2015-03-27,S1004ERO,E00337,22660,六甲バター株式会社,有価証券報告書－第91期(平成26年1月1日－平成26年12月31日),0,1
857,2015-03-27,S1004EVF,E04515,95390,京葉瓦斯株式会社,有価証券報告書－第130期(平成26年1月1日－平成26年12月31日),0,1
858,2015-03-27,S1004EPL,E02379,59430,株式会社ノーリツ,有価証券報告書－第65期(平成26年1月1日－平成26年12月31日),0,1
859,2015-03-27,S1004EIL,E04795,97680,いであ株式会社,有価証券報告書－第47期(平成26年1月1日－平成26年12月31日),0,1
860,2015-03-27,S1004EPX,E00593,80110,株式会社三陽商会,有価証券報告書－第72期(平成26年1月1日－平成26年12月31日),0,1
861,2015-03-27,S1004EHN,E05099,47680,株式会社　大塚商会,有価証券報告書－第54期(平成26年1月1日－平成26年12月31日),0,1
862,2015-03-27,S1004ECQ,E25867,36560,ＫＬａｂ株式会社,有価証券報告書－第15期(平成26年1月1日－平成26年12月31日),0,1
863,2015-03-27,S1004ET3,E00674,39500,ザ・パック株式会社,有価証券報告書－第63期(平成26年1月1日－平成26年12月31日),0,1
864,2015-03-27,S1004EYN,E00751,40040,昭和電工株式会社,有価証券報告書－第106期(平成26年1月1日－平成26年12月31日),0,1
865,2015-03-27,S1004EBA,E01257,55420,新報国製鉄株式会社,有価証券報告書－第82期(平成26年1月1日－平成26年12月31日),0,1
866,2015-03-27,S1004EUC,E00395,25030,キリンホールディングス株式会社,有価証券報告書－第176期(平成26年1月1日－平成26年12月31日),0,1
867,2015-03-27,S1004EIS,E31056,39020,メディカル・データ・ビジョン株式会社,有価証券報告書－第12期(平成26年1月1日－平成26年12月31日),0,1
868,2015-03-27,S1004EO1,E01085,51010,横浜ゴム株式会社,有価証券報告書－第139期(平成26年1月1日－平成26年12月31日),0,1
869,2015-03-27,S1004ESD,E02274,77510,キヤノン株式会社,有価証券報告書－第114期(平成26年1月1日－平成26年12月31日),0,1
870,2015-03-27,S1004F0J,E00524,30010,片倉工業株式会社,有価証券報告書－第106期(平成26年1月1日－平成26年12月31日),0,1
871,2015-03-27,S1004DH7,E30133,42450,株式会社ダイキアクシス,有価証券報告書－第10期(平成26年1月1日－平成26年12月31日),0,1
872,2015-03-27,S1004F13,E05199,42860,株式会社レッグス,有価証券報告書－第27期(平成26年1月1日－平成26年12月31日),0,1
873,2015-03-27,S1004C3M,E01921,68530,株式会社共和電業,有価証券報告書－第68期(平成26年1月1日－平成26年12月31日),0,1
874,2015-03-27,S1004DKY,E04902,96220,株式会社スペース,有価証券報告書－第43期(平成26年1月1日－平成26年12月31日),0,1
875,2015-03-27,S1004DH5,E05998,,ロイヤル・バンク・オブ・カナダ,有価証券報告書,0,0
876,2015-03-27,S1004EN4,E01900,,国産電機株式会社,有価証券報告書－第117期(平成26年1月1日－平成26年12月31日),0,1
877,2015-03-27,S1004F1E,E21799,93840,内外トランスライン株式会社,有価証券報告書－第35期(平成26年1月1日－平成26年12月31日),0,1
878,2015-03-27,S1004FEV,E02416,51870,クリエートメディック株式会社,有価証券報告書－第41期(平成26年1月1日－平成26年12月31日),0,1
879,2015-03-27,S1004FEK,E00736,78490,スターツ出版株式会社,有価証券報告書－第32期(平成26年1月1日－平成26年12月31日),0,1
880,2015-03-27,S1004FEU,E02961,27770,株式会社カッシーナ・イクスシー,有価証券報告書－第36期(平成26年1月1日－平成26年12月31日),0,1
881,2015-03-27,S1004ERY,E05407,89290,株式会社青山財産ネットワークス,有価証券報告書－第24期(平成26年1月1日－平成26年12月31日),0,1
882,2015-03-27,S1004DZA,E05616,,株式会社ノバレーゼ,有価証券報告書－第15期(平成26年1月1日－平成26年12月31日),0,1
883,2015-03-27,S1004D8E,E05080,47550,楽天株式会社,有価証券報告書－第18期(平成26年1月1日－平成26年12月31日),0,1
884,2015-03-27,S1004DPU,E02861,75310,清和中央ホールディングス株式会社,有価証券報告書－第61期(平成26年1月1日－平成26年12月31日),0,1
885,2015-03-27,S1004DX5,E01162,53010,東海カーボン株式会社,有価証券報告書－第153期(平成26年1月1日－平成26年12月31日),0,1
886,2015-03-27,S1004E8T,E01070,50020,昭和シェル石油株式会社,有価証券報告書－第103期(平成26年1月1日－平成26年12月31日),0,1
887,2015-03-27,S1004EGY,E01412,59590,岡部株式会社,有価証券報告書－第71期(平成26年1月1日－平成26年12月31日),0,1
888,2015-03-27,S1004EW7,E31348,39110,株式会社Ａｉｍｉｎｇ,有価証券報告書－第4期(平成26年1月1日－平成26年12月31日),0,1
889,2015-03-27,S1004F7O,E01090,51050,ＴＯＹＯ　ＴＩＲＥ株式会社,有価証券報告書－第99期(平成26年1月1日－平成26年12月31日),0,1
890,2015-03-27,S1004DSG,E27723,60770,株式会社Ｎ・フィールド,有価証券報告書－第12期(平成26年1月1日－平成26年12月31日),0,1
891,2015-03-27,S1004E7H,E27894,39090,株式会社ショーケース・ティービー,有価証券報告書－第19期(平成26年1月1日－平成26年12月31日),0,1
892,2015-03-27,S1004EE8,E01876,66400,第一精工株式会社,有価証券報告書－第52期(平成26年1月1日－平成26年12月31日),0,1
893,2015-03-27,S1004FED,E05149,24910,バリューコマース株式会社,有価証券報告書－第19期(平成26年1月1日－平成26年12月31日),0,1
894,2015-03-27,S1004F0Z,E31037,42480,竹本容器株式会社,有価証券報告書－第64期(平成26年1月1日－平成26年12月31日),0,1
895,2015-03-27,S1004EGR,E22554,73140,株式会社小田原機器,有価証券報告書－第36期(平成26年1月1日－平成26年12月31日),0,1
896,2015-03-27,S1004F4W,E05457,38070,株式会社フィスコ,有価証券報告書－第21期(平成26年1月1日－平成26年12月31日),0,1
897,2015-03-27,S1004EA9,E27421,36750,株式会社クロス・マーケティンググループ,有価証券報告書－第2期(平成26年1月1日－平成26年12月31日),0,1
898,2015-03-27,S1004E0T,E01256,55630,新日本電工株式会社,有価証券報告書－第115期(平成26年1月1日－平成26年12月31日),0,1
899,2015-03-27,S1004EWO,E01760,66530,株式会社正興電機製作所,有価証券報告書－第111期(平成26年1月1日－平成26年12月31日),0,1
900,2015-03-27,S1004EWQ,E02466,78460,株式会社パイロットコーポレーション,有価証券報告書－第13期(平成26年1月1日－平成26年12月31日),0,1
901,2015-03-27,S1004FFR,E04649,,広島ゴルフ観光株式会社,有価証券報告書－第54期(平成26年1月1日－平成26年12月31日),0,1
902,2015-03-27,S1004DDP,E05036,47250,株式会社ＣＡＣ　Ｈｏｌｄｉｎｇｓ,有価証券報告書－第49期(平成26年1月1日－平成26年12月31日),0,1
903,2015-03-27,S1004F0E,E02900,76130,シークス株式会社,有価証券報告書－第23期(平成26年1月1日－平成26年12月31日),0,1
904,2015-03-27,S1004FH7,E26869,93860,日本コンセプト株式会社,有価証券報告書－第21期(平成26年1月1日－平成26年12月31日),0,1
905,2015-03-27,S1004F3V,E02098,,日亜化学工業株式会社,有価証券報告書－第59期(平成26年1月1日－平成26年12月31日),0,1
906,2015-03-27,S1004FCW,E22470,60780,株式会社バリューＨＲ,有価証券報告書－第14期(平成26年1月1日－平成26年12月31日),0,1
907,2015-03-27,S1004FGC,E05712,21600,株式会社ジーエヌアイグループ,有価証券報告書－第14期(平成26年1月1日－平成26年12月31日),0,1
908,2015-03-27,S1004FF8,E05510,37770,株式会社ジオネクスト,有価証券報告書－第21期(平成26年1月1日－平成26年12月31日),0,1
909,2015-03-27,S1004FCO,E30053,60810,アライドアーキテクツ株式会社,有価証券報告書－第10期(平成26年1月1日－平成26年12月31日),0,1
910,2015-03-27,S1004FGN,E00604,80290,株式会社ルックホールディングス,有価証券報告書－第53期(平成26年1月1日－平成26年12月31日),0,1
911,2015-03-27,S1004FBF,E05293,23110,株式会社エプコ,有価証券報告書－第25期(平成26年1月1日－平成26年12月31日),0,1
912,2015-03-27,S1004EIU,E02389,79890,立川ブラインド工業株式会社,有価証券報告書－第69期(平成26年1月1日－平成26年12月31日),0,1
913,2015-03-27,S1004DSA,E25870,32760,日本管理センター株式会社,有価証券報告書－第13期(平成26年1月1日－平成26年12月31日),0,1
914,2015-03-27,S1004FJD,E26716,60650,ライクキッズネクスト株式会社,有価証券報告書－第5期(平成26年1月1日－平成26年12月31日),0,1
915,2015-03-27,S1004DXD,E04068,32410,株式会社ウィル,有価証券報告書－第20期(平成26年1月1日－平成26年12月31日),0,1
916,2015-03-27,S1004FIC,E30058,45880,オンコリスバイオファーマ株式会社,有価証券報告書－第11期(平成26年1月1日－平成26年12月31日),0,1
917,2015-03-27,S1004FJW,E05594,,サムシングホールディングス株式会社,有価証券報告書－第16期(平成26年1月1日－平成26年12月31日),0,1
918,2015-03-27,S1004FCT,E22663,21930,クックパッド株式会社,有価証券報告書－第18期(平成26年5月1日－平成26年12月31日),0,1
919,2015-03-27,S1004FK3,E24682,45820,シンバイオ製薬株式会社,有価証券報告書－第10期(平成26年1月1日－平成26年12月31日),0,1
920,2015-03-27,S1004FKY,E27208,45860,株式会社メドレックス,有価証券報告書－第13期(平成26年1月1日－平成26年12月31日),0,1
921,2015-03-27,S1004FHW,E03513,30850,アークランドサービスホールディングス株式会社,有価証券報告書－第22期(平成26年1月1日－平成26年12月31日),0,1
922,2015-03-27,S1004EB2,E31276,39060,株式会社ＡＬＢＥＲＴ,有価証券報告書－第10期(平成26年1月1日－平成26年12月31日),0,1
923,2015-03-30,S1004FPS,E00991,49120,ライオン株式会社,有価証券報告書－第154期(平成26年1月1日－平成26年12月31日),0,1
924,2015-03-30,S1004F4J,E02300,,株式会社　ミツトヨ,有価証券報告書－第96期(平成26年1月1日－平成26年12月31日),0,1
925,2015-03-30,S1004E0R,E01925,,エルナー株式会社,有価証券報告書－第79期(平成26年1月1日－平成26年12月31日),0,1
926,2015-03-30,S1004EPE,E04955,46420,オリジナル設計株式会社,有価証券報告書－第53期(平成26年1月1日－平成26年12月31日),0,1
927,2015-03-30,S1004EH1,E02898,76090,ダイトロン株式会社,有価証券報告書－第63期(平成26年1月1日－平成26年12月31日),0,1
928,2015-03-30,S1004ENP,E02296,59570,日東精工株式会社,有価証券報告書－第109期(平成26年1月1日－平成26年12月31日),0,1
929,2015-03-30,S1004FLA,E01005,50100,日本精蝋株式会社,有価証券報告書－第88期(平成26年1月1日－平成26年12月31日),0,1
930,2015-03-30,S1004BDG,E03092,81650,株式会社千趣会,有価証券報告書－第70期(平成26年1月1日－平成26年12月31日),0,1
931,2015-03-30,S1004FN2,E02378,79360,株式会社アシックス,有価証券報告書－第61期(平成26年4月1日－平成26年12月31日),0,1
932,2015-03-30,S1004DJ6,E02743,98270,リリカラ株式会社,有価証券報告書－第74期(平成26年1月1日－平成26年12月31日),0,1
933,2015-03-30,S1004FQ8,E04643,,株式会社犬山カンツリー倶楽部,有価証券報告書－第52期(平成26年1月1日－平成26年12月31日),0,1
934,2015-03-30,S1004FE2,E01431,59970,協立エアテック株式会社,有価証券報告書－第44期(平成26年1月1日－平成26年12月31日),0,1
935,2015-03-30,S1004FFH,E02949,27430,ピクセルカンパニーズ株式会社,有価証券報告書－第29期(平成26年1月1日－平成26年12月31日),0,1
936,2015-03-30,S1004AA8,E04700,,株式会社四日市カンツリー倶楽部,有価証券報告書－第57期(平成26年1月1日－平成26年12月31日),0,1
937,2015-03-30,S1004FJ6,E04698,,古賀ゴルフ土地株式会社,有価証券報告書－第63期(平成26年1月1日－平成26年12月31日),0,1
938,2015-03-30,S1004DV2,E00408,25730,北海道コカ・コーラボトリング株式会社,有価証券報告書－第53期(平成26年1月1日－平成26年12月31日),0,1
939,2015-03-30,S1004FME,E04754,97310,株式会社白洋舍,有価証券報告書－第122期(平成26年1月1日－平成26年12月31日),0,1
940,2015-03-30,S1004F57,E00211,,株式会社ソルコム,有価証券報告書－第68期(平成26年1月1日－平成26年12月31日),0,1
941,2015-03-30,S1004DLK,E02679,80400,株式会社東京ソワール,有価証券報告書－第46期(平成26年1月1日－平成26年12月31日),0,1
942,2015-03-30,S1004FRF,E04567,,株式会社ホテルニューアカオ,有価証券報告書－第45期(平成26年1月1日－平成26年12月31日),0,1
943,2015-03-30,S1004FNI,E01190,52140,日本電気硝子株式会社,有価証券報告書－第96期(平成26年4月1日－平成26年12月31日),0,1
944,2015-03-30,S1004FQR,E04724,,株式会社宇都宮ゴルフクラブ,有価証券報告書－第55期(平成26年1月1日－平成26年12月31日),0,1
945,2015-03-30,S1004FHZ,E04808,,株式会社アサツーディ・ケイ,有価証券報告書－第60期(平成26年1月1日－平成26年12月31日),0,1
946,2015-03-30,S1004EQE,E25754,,明治安田生命２０１１基金特定目的会社,有価証券報告書（内国資産流動化証券）－第4期(平成26年1月1日－平成26年12月31日),0,1
947,2015-03-30,S1004ESF,E26768,,明治安田生命２０１２基金特定目的会社,有価証券報告書（内国資産流動化証券）－第3期(平成26年1月1日－平成26年12月31日),0,1
948,2015-03-30,S1004F3Q,E27745,,明治安田生命２０１３基金特定目的会社,有価証券報告書（内国資産流動化証券）－第2期(平成26年1月1日－平成26年12月31日),0,1
949,2015-03-30,S1004FSY,E31052,94180,株式会社ＵＳＥＮ－ＮＥＸＴ　ＨＯＬＤＩＮＧＳ,有価証券報告書－第7期(平成26年1月1日－平成26年12月31日),0,1
950,2015-03-30,S1004E0D,E01998,69140,オプテックスグループ株式会社,有価証券報告書－第36期(平成26年1月1日－平成26年12月31日),0,1
951,2015-03-30,S1004FAX,E04669,,株式会社　秋田椿台ゴルフクラブ,有価証券報告書－第44期(平成26年1月1日－平成26年12月31日),0,1
952,2015-03-30,S1004FTL,E04744,,南部富士株式会社,有価証券報告書－第11期(平成26年1月1日－平成26年12月31日),0,1
953,2015-03-30,S1004F37,E30798,,明治安田生命２０１４基金特定目的会社,有価証券報告書（内国資産流動化証券）－第1期(平成26年6月18日－平成26年12月31日),0,1
954,2015-03-30,S1004EZG,E05497,37750,株式会社ガイアックス,有価証券報告書－第17期(平成26年1月1日－平成26年12月31日),0,1
955,2015-03-30,S1004FTW,E02350,62660,タツモ株式会社,有価証券報告書－第43期(平成26年1月1日－平成26年12月31日),0,1
956,2015-03-30,S1004FIM,E04039,89460,株式会社ＡＳＩＡＮ　ＳＴＡＲ,有価証券報告書－第36期(平成26年1月1日－平成26年12月31日),0,1
957,2015-03-30,S1004FU4,E05182,48480,株式会社フルキャストホールディングス,有価証券報告書－第22期(平成26年1月1日－平成26年12月31日),0,1
958,2015-03-30,S1004ES1,E02797,74250,初穂商事株式会社,有価証券報告書－第57期(平成26年1月1日－平成26年12月31日),0,1
959,2015-03-30,S1004DQS,E26748,,住友生命第５回基金流動化特定目的会社,有価証券報告書（内国資産流動化証券）－第3期(平成26年1月1日－平成26年12月31日),0,1
960,2015-03-30,S1004FEF,E03515,31970,株式会社すかいらーくホールディングス,有価証券報告書－第4期(平成26年1月1日－平成26年12月31日),0,1
961,2015-03-30,S1004FSI,E00887,44630,日華化学株式会社,有価証券報告書－第101期(平成26年1月1日－平成26年12月31日),0,1
962,2015-03-30,S1004FUK,E05349,,株式会社メディビックグループ,有価証券報告書－第15期(平成26年1月1日－平成26年12月31日),0,1
963,2015-03-30,S1004FUS,E05727,21700,株式会社リンクアンドモチベーション,有価証券報告書－第15期(平成26年1月1日－平成26年12月31日),0,1
964,2015-03-30,S1004FKS,E05183,48400,株式会社トライアイズ,有価証券報告書－第20期(平成26年1月1日－平成26年12月31日),0,1
965,2015-03-30,S1004FUN,E00670,79840,コクヨ株式会社,有価証券報告書－第68期(平成26年1月1日－平成26年12月31日),0,1
966,2015-03-30,S1004FCV,E01140,53020,日本カーボン株式会社,有価証券報告書－第156期(平成26年1月1日－平成26年12月31日),0,1
967,2015-03-30,S1004FVT,E04673,,株式会社宍戸国際ゴルフ倶楽部,有価証券報告書－第44期(平成26年1月1日－平成26年12月31日),0,1
968,2015-03-30,S1004FPP,E01901,68560,株式会社堀場製作所,有価証券報告書－第77期(平成26年1月1日－平成26年12月31日),0,1
969,2015-03-30,S1004CW0,E00846,58160,オーナンバ株式会社,有価証券報告書－第84期(平成26年4月1日－平成26年12月31日),0,1
970,2015-03-30,S1004FIU,E30919,36960,株式会社セレス,有価証券報告書－第10期(平成26年1月1日－平成26年12月31日),0,1
971,2015-03-30,S1004FDX,E00393,25010,サッポロホールディングス株式会社,有価証券報告書－第91期(平成26年1月1日－平成26年12月31日),0,1
972,2015-03-30,S1004FV6,E04641,,株式会社日高カントリー倶楽部,有価証券報告書－第56期(平成26年1月1日－平成26年12月31日),0,1
973,2015-03-30,S1004EMO,E05227,,株式会社　ＤＡホールディングス,有価証券報告書－第17期(平成26年1月1日－平成26年12月31日),0,1
974,2015-03-30,S1004FX2,E26032,60540,株式会社リブセンス,有価証券報告書－第9期(平成26年1月1日－平成26年12月31日),0,1
975,2015-03-30,S1004FO4,E26836,60670,株式会社メディアフラッグ,有価証券報告書－第11期(平成26年1月1日－平成26年12月31日),0,1
976,2015-03-30,S1004FWK,E25850,36590,株式会社ネクソン,有価証券報告書－第13期(平成26年1月1日－平成26年12月31日),0,1
977,2015-03-30,S1004FKB,E05453,37580,株式会社アエリア,有価証券報告書－第13期(平成26年1月1日－平成26年12月31日),0,1
978,2015-03-30,S1004FXO,E26231,36630,アートスパークホールディングス株式会社,有価証券報告書－第3期(平成26年1月1日－平成26年12月31日),0,1
979,2015-03-30,S1004FIK,E31024,34520,株式会社ビーロット,有価証券報告書－第7期(平成26年1月1日－平成26年12月31日),0,1
980,2015-03-30,S1004FM9,E30398,36830,株式会社サイバーリンクス,有価証券報告書－第51期(平成26年1月1日－平成26年12月31日),0,1
981,2015-03-30,S1004DNP,E00770,40450,東亞合成株式会社,有価証券報告書－第102期(平成26年1月1日－平成26年12月31日),0,1
982,2015-03-30,S1004FYS,E30841,71720,株式会社ジャパンインベストメントアドバイザー,有価証券報告書－第9期(平成26年1月1日－平成26年12月31日),0,1
983,2015-03-30,S1004E53,E04693,96560,グリーンランドリゾート株式会社,有価証券報告書－第36期(平成26年1月1日－平成26年12月31日),0,1
984,2015-03-30,S1004FOU,E31042,34450,株式会社ＲＳ　Ｔｅｃｈｎｏｌｏｇｉｅｓ,有価証券報告書－第5期(平成26年1月1日－平成26年12月31日),0,1
985,2015-03-30,S1004FMA,E05299,23250,株式会社ＮＪＳ,有価証券報告書－第65期(平成26年1月1日－平成26年12月31日),0,1
986,2015-03-30,S1004FYR,E24158,77760,株式会社セルシード,有価証券報告書－第14期(平成26年1月1日－平成26年12月31日),0,1
987,2015-03-30,S1004FRL,E02365,79920,セーラー万年筆株式会社,有価証券報告書－第102期(平成26年1月1日－平成26年12月31日),0,1
988,2015-03-30,S1004FLC,E04549,,株式会社パレスホテル,有価証券報告書－第70期(平成26年1月1日－平成26年12月31日),0,1
989,2015-03-30,S1004FYA,E05198,42840,株式会社　ソルクシーズ,有価証券報告書－第35期(平成26年1月1日－平成26年12月31日),0,1
990,2015-03-30,S1004G0E,E05301,45630,アンジェス株式会社,有価証券報告書－第16期(平成26年1月1日－平成26年12月31日),0,1
991,2015-03-30,S1004FHH,E01671,64110,中野冷機株式会社,有価証券報告書－第69期(平成26年1月1日－平成26年12月31日),0,1
992,2015-03-30,S1004G0L,E00727,,東京リスマチック株式会社,有価証券報告書－第42期(平成26年1月1日－平成26年12月31日),0,1
993,2015-03-30,S1004FYF,E02331,77160,株式会社ナカニシ,有価証券報告書－第63期(平成26年1月1日－平成26年12月31日),0,1
994,2015-03-30,S1004G0X,E27622,25870,サントリー食品インターナショナル株式会社,有価証券報告書－第6期(平成26年1月1日－平成26年12月31日),0,1
995,2015-03-30,S1004G2E,E01399,,株式会社協和,有価証券報告書－第65期(平成26年1月1日－平成26年12月31日),0,1
996,2015-03-30,S1004FTU,E30881,31950,株式会社ジェネレーションパス,有価証券報告書－第13期(平成26年1月1日－平成26年12月31日),0,1
997,2015-03-30,S1004G1W,E05477,24360,共同ピーアール株式会社,有価証券報告書－第51期(平成26年1月1日－平成26年12月31日),0,1
998,2015-03-30,S1004FZ8,E03078,81860,株式会社大塚家具,有価証券報告書－第44期(平成26年1月1日－平成26年12月31日),0,1
999,2015-03-30,S1004DSF,E00678,81130,ユニ・チャーム株式会社,有価証券報告書－第55期(平成26年4月1日－平成26年12月31日),0,1
1000,2015-03-30,S1004FKP,E01810,,東光株式会社,有価証券報告書－第74期(平成26年1月1日－平成26年12月31日),0,1
1001,2015-03-30,S1004EZN,E26086,32770,株式会社サンセイランディック,有価証券報告書－第39期(平成26年1月1日－平成26年12月31日),0,1
1002,2015-03-30,S1004EV9,E05369,37270,株式会社アプリックス,有価証券報告書－第30期(平成26年1月1日－平成26年12月31日),0,1
1003,2015-03-30,S1004FPQ,E00325,14130,株式会社ヒノキヤグループ,有価証券報告書－第27期(平成26年1月1日－平成26年12月31日),0,1
1004,2015-03-30,S1004G35,E27038,45850,株式会社ＵＭＮファーマ,有価証券報告書－第11期(平成26年1月1日－平成26年12月31日),0,1
1005,2015-03-30,S1004FGB,E26675,94190,株式会社ワイヤレスゲート,有価証券報告書,0,1
1006,2015-03-30,S1004G3C,E04999,47040,トレンドマイクロ株式会社,有価証券報告書－第26期(平成26年1月1日－平成26年12月31日),0,1
1007,2015-03-30,S1004FYP,E03400,27520,株式会社フジオフードシステム,有価証券報告書－第16期(平成26年1月1日－平成26年12月31日),0,1
1008,2015-03-30,S1004G3H,E05403,24020,株式会社アマナ,有価証券報告書－第45期(平成26年1月1日－平成26年12月31日),0,1
1009,2015-03-30,S1004FMI,E05391,33190,株式会社ゴルフダイジェスト・オンライン,有価証券報告書－第16期(平成26年1月1日－平成26年12月31日),0,1
1010,2015-03-30,S1004G4I,E05609,24920,株式会社インフォマート,有価証券報告書－第17期(平成26年1月1日－平成26年12月31日),0,1
1011,2015-03-30,S1004G3W,E26096,45830,株式会社カイオム・バイオサイエンス,有価証券報告書－第11期(平成26年4月1日－平成26年12月31日),0,1
1012,2015-03-30,S1004G4W,E31070,78160,株式会社スノーピーク,有価証券報告書－第51期(平成26年1月1日－平成26年12月31日),0,1
1013,2015-03-30,S1004DOT,E00375,22120,山崎製パン株式会社,有価証券報告書－第67期(平成26年1月1日－平成26年12月31日),0,1
1014,2015-03-30,S1004G37,E05374,23890,株式会社オプトホールディング,有価証券報告書－第21期(平成26年1月1日－平成26年12月31日),0,1
1015,2015-03-30,S1004ARY,E00556,32040,株式会社トーア紡コーポレーション,有価証券報告書－第13期(平成26年1月1日－平成26年12月31日),0,1
1016,2015-03-30,S1004FLZ,E31331,39120,株式会社モバイルファクトリー,有価証券報告書－第14期(平成26年1月1日－平成26年12月31日),0,1
1017,2015-03-30,S1004G5O,E21183,45780,大塚ホールディングス株式会社,有価証券報告書－第7期(平成26年4月1日－平成26年12月31日),0,1
1018,2015-03-30,S1004F6Y,E30898,31960,株式会社ホットランド,有価証券報告書－第24期(平成26年1月1日－平成26年12月31日),0,1
1019,2015-03-30,S1004DI9,E04817,97570,株式会社船井総研ホールディングス,有価証券報告書－第45期(平成26年1月1日－平成26年12月31日),0,1
1020,2015-03-30,S1004FPD,E01944,65920,マブチモーター株式会社,有価証券報告書－第74期(平成26年1月1日－平成26年12月31日),0,1
1021,2015-03-30,S1004G0V,E02887,75870,株式会社パルテック（定款上の商号　株式会社ＰＡＬＴＥＫ）,有価証券報告書－第33期(平成26年1月1日－平成26年12月31日),0,1
1022,2015-03-30,S1004G6C,E04658,,株式会社　表蔵王国際ゴルフクラブ,有価証券報告書－第52期(平成26年1月1日－平成26年12月31日),0,1
1023,2015-03-30,S1004G75,E05546,,株式会社ネットワークバリューコンポネンツ,有価証券報告書－第25期(平成26年1月1日－平成26年12月31日),0,1
1024,2015-03-31,S1004G6W,E02020,68700,日本フェンオール株式会社,有価証券報告書－第54期(平成26年1月1日－平成26年12月31日),0,1
1025,2015-03-31,S1004FWC,E04163,,長崎自動車株式会社,有価証券報告書－第118期(平成26年1月1日－平成26年12月31日),0,1
1026,2015-03-31,S1004FTV,E01906,69770,株式会社日本抵抗器製作所,有価証券報告書－第67期(平成26年1月1日－平成26年12月31日),0,1
1027,2015-03-31,S1004F91,E01762,,株式会社ゼネシス,有価証券報告書－第27期(平成26年1月1日－平成26年12月31日),0,1
1028,2015-03-31,S1004C0V,E04627,,株式会社府中カントリークラブ,有価証券報告書－第64期(平成26年1月1日－平成26年12月31日),0,1
1029,2015-03-31,S1004ANE,E04512,,弘前ガス株式会社,有価証券報告書－第59期(平成26年1月1日－平成26年12月31日),0,1
1030,2015-03-31,S1004F49,E00222,19940,高橋カーテンウォール工業株式会社,有価証券報告書－第50期(平成26年1月1日－平成26年12月31日),0,1
1031,2015-03-31,S1004GC7,E01652,64970,株式会社ハマイ,有価証券報告書－第83期(平成26年1月1日－平成26年12月31日),0,1
1032,2015-03-31,S1004FBD,E05098,47660,株式会社ピーエイ,有価証券報告書－第29期(平成26年1月1日－平成26年12月31日),0,1
1033,2015-03-31,S1004G0B,E04652,,松山観光ゴルフ株式会社,有価証券報告書－第58期(平成26年1月1日－平成26年12月31日),0,1
1034,2015-03-31,S1004FQ7,E04709,,土佐観光施設株式会社,有価証券報告書－第58期(平成26年1月1日－平成26年12月31日),0,1
1035,2015-03-31,S1004G94,E01656,79860,日本アイ・エス・ケイ株式会社,有価証券報告書－第68期(平成26年1月1日－平成26年12月31日),0,1
1036,2015-03-31,S10048EH,E00378,22160,カンロ株式会社,有価証券報告書－第65期(平成26年1月1日－平成26年12月31日),0,1
1037,2015-03-31,S1004GDO,E02937,27030,日本ライトン株式会社,有価証券報告書－第30期(平成26年1月1日－平成26年12月31日),0,1
1038,2015-03-31,S1004GDZ,E25283,36490,株式会社ファインデックス,有価証券報告書－第30期(平成26年1月1日－平成26年12月31日),0,1
1039,2015-03-31,S1004GDV,E04731,,株式会社山田クラブ２１,有価証券報告書－第17期(平成26年1月1日－平成26年12月31日),0,1
1040,2015-03-31,S1004GEN,E04611,,奈良ゴルフ場株式会社,有価証券報告書－第59期(平成26年1月1日－平成26年12月31日),0,1
1041,2015-03-31,S1004GDK,E05911,,キャボット・マイクロエレクトロニクス・コーポレーション,有価証券報告書,0,0
1042,2015-03-31,S1004GGC,E26452,,株式会社エコ・アセット,有価証券報告書－第9期(平成26年1月1日－平成26年12月31日),0,1
1043,2015-03-31,S1004FWT,E01238,56100,大和重工株式会社,有価証券報告書－第131期(平成26年1月1日－平成26年12月31日),0,1
1044,2015-03-31,S1004GH2,E05631,24990,日本和装ホールディングス株式会社,有価証券報告書－第29期(平成26年1月1日－平成26年12月31日),0,1
1045,2015-03-31,S1004F82,E00423,,コカ・コーラボトラーズジャパン株式会社,有価証券報告書－第14期(平成26年1月1日－平成26年12月31日),0,1
1046,2015-03-31,S1004A0J,E04550,97230,株式会社京都ホテル,有価証券報告書－第96期(平成26年1月1日－平成26年12月31日),0,1
1047,2015-03-31,S1004G9I,E31354,39130,株式会社ｓＭｅｄｉｏ,有価証券報告書－第8期(平成26年1月1日－平成26年12月31日),0,1
1048,2015-03-31,S1004GLO,E05951,93990,ビート・ホールディングス・リミテッド　（貝德控股有限公司、Ｂｅａｔ　Ｈｏｌｄｉｎｇｓ　Ｌｉｍｉｔｅｄ）,有価証券報告書－第11期(平成26年1月1日－平成26年12月31日),0,1
1049,2015-03-31,S1004GLL,E05241,27210,株式会社ジェイホールディングス,有価証券報告書－第23期(平成26年1月1日－平成26年12月31日),0,1
1050,2015-03-31,S1004GKW,E27276,36710,ソフトマックス株式会社,有価証券報告書－第42期(平成26年1月1日－平成26年12月31日),0,1
1051,2015-03-31,S1004GN1,E02775,99730,株式会社小僧寿し,有価証券報告書－第47期(平成26年1月1日－平成26年12月31日),0,1
